PRAGMA foreign_keys=OFF;
BEGIN TRANSACTION;
CREATE TABLE Users (
    id INTEGER PRIMARY KEY AUTOINCREMENT,
    first_name TEXT NOT NULL,
    last_name TEXT NOT NULL,
    username TEXT NOT NULL,
    password TEXT NOT NULL,
    phone TEXT NOT NULL,
    email TEXT NOT NULL,
    isAdmin INTEGER NOT NULL
    
);
INSERT INTO Users VALUES(1,'John','Doe','johndoe','password123','123-456-7890','john@example.com',0);
INSERT INTO Users VALUES(2,'Jane','Smith','janesmith','password456','987-654-3210','jane@example.com',0);
INSERT INTO Users VALUES(3,'Michael','Johnson','michaelj','password789','555-123-4567','michael@example.com',0);
INSERT INTO Users VALUES(4,'Emily','Brown','emilyb','passwordabc','333-888-9999','emily@example.com',0);
INSERT INTO Users VALUES(5,'David','Wilson','davidw','passworddef','111-222-3333','david@example.com',0);
INSERT INTO Users VALUES(6,'Sarah','Taylor','saraht','passwordghi','777-444-5555','sarah@example.com',0);
INSERT INTO Users VALUES(7,'Chris','Martinez','chrism','passwordjkl','999-666-7777','chris@example.com',0);
INSERT INTO Users VALUES(8,'Jessica','Anderson','jessicaa','passwordmno','222-555-8888','jessica@example.com',0);
INSERT INTO Users VALUES(9,'Matthew','Thomas','matthewt','passwordpqr','888-111-2222','matthew@example.com',0);
INSERT INTO Users VALUES(10,'Amanda','Hernandez','amandah','passwordstu','444-777-9999','amanda@example.com',0);
INSERT INTO Users VALUES(11,'Daniel','Young','daniely','passwordvwx','666-999-1111','daniel@example.com',0);
INSERT INTO Users VALUES(12,'Jennifer','Lee','jenniferl','passwordyz','123-456-7890','jennifer@example.com',0);
INSERT INTO Users VALUES(13,'James','Garcia','jamesg','password123','987-654-3210','james@example.com',0);
INSERT INTO Users VALUES(14,'Linda','Rodriguez','lindar','password456','555-123-4567','linda@example.com',0);
INSERT INTO Users VALUES(15,'Andrew','Martinez','andrewm','password789','333-888-9999','andrew@example.com',0);
INSERT INTO Users VALUES(16,'Rachel','Harris','rachelh','passwordabc','111-222-3333','rachel@example.com',0);
INSERT INTO Users VALUES(17,'Kevin','King','kevink','passworddef','777-444-5555','kevin@example.com',0);
INSERT INTO Users VALUES(18,'Michelle','Nelson','michellen','passwordghi','999-666-7777','michelle@example.com',0);
INSERT INTO Users VALUES(19,'Steven','Carter','stevenc','passwordjkl','222-555-8888','steven@example.com',0);
INSERT INTO Users VALUES(20,'Rebecca','Cooper','rebeccac','passwordmno','888-111-2222','rebecca@example.com',0);
INSERT INTO Users VALUES(21,'Justin','Parker','justinp','passwordpqr','444-777-9999','justin@example.com',0);
INSERT INTO Users VALUES(22,'Laura','Evans','laurae','passwordstu','666-999-1111','laura@example.com',0);
INSERT INTO Users VALUES(23,'Mark','Morris','markm','passwordvwx','123-456-7890','mark@example.com',0);
INSERT INTO Users VALUES(24,'Stephanie','Rivera','stephanier','passwordyz','987-654-3210','stephanie@example.com',0);
INSERT INTO Users VALUES(25,'Brian','Roberts','brianr','password123','555-123-4567','brian@example.com',0);
INSERT INTO Users VALUES(26,'Melissa','Cook','melissac','password456','333-888-9999','melissa@example.com',0);
INSERT INTO Users VALUES(27,'Scott','Bailey','scottb','password789','111-222-3333','scott@example.com',0);
INSERT INTO Users VALUES(28,'Amy','Howard','amyh','passwordabc','777-444-5555','amy@example.com',0);
INSERT INTO Users VALUES(29,'Jonathan','Wright','jonathanw','passworddef','999-666-7777','jonathan@example.com',0);
INSERT INTO Users VALUES(30,'Nicole','Mitchell','nicolem','passwordghi','222-555-8888','nicole@example.com',0);
INSERT INTO Users VALUES(31,'Jimmy','Fowler','jimmyf','passwordvwx','555-123-4567','jimmy@example.com',0);
INSERT INTO Users VALUES(32,'Julie','Gonzalez','julieg','passwordyz','333-888-9999','julie@example.com',0);
INSERT INTO Users VALUES(33,'Keith','Hansen','keithh','password123','111-222-3333','keith@example.com',0);
INSERT INTO Users VALUES(34,'Kimberly','Chapman','kimberlyc','password456','777-444-5555','kimberly@example.com',0);
INSERT INTO Users VALUES(35,'Lillian','Snyder','lillians','password789','999-666-7777','lillian@example.com',0);
INSERT INTO Users VALUES(36,'Martin','Matthews','martinm','passwordabc','222-555-8888','martin@example.com',0);
INSERT INTO Users VALUES(37,'Melissa','Lawson','melissal','passworddef','888-111-2222','melissa@example.com',0);
INSERT INTO Users VALUES(38,'Raymond','Mcdonald','raymondm','passwordghi','444-777-9999','raymond@example.com',0);
INSERT INTO Users VALUES(39,'Rose','Bryant','roser','passwordjkl','666-999-1111','rose@example.com',0);
INSERT INTO Users VALUES(40,'Russell','Day','russelld','passwordmno','123-456-7890','russell@example.com',0);
INSERT INTO Users VALUES(41,'Sandra','Lopez','sandral','passwordpqr','987-654-3210','sandra@example.com',0);
INSERT INTO Users VALUES(42,'Steven','Fernandez','stevenf','passwordstu','555-123-4567','steven@example.com',0);
INSERT INTO Users VALUES(43,'Susan','Hicks','susanh','passwordvwx','333-888-9999','susan@example.com',0);
INSERT INTO Users VALUES(44,'Terry','Watkins','terryw','passwordyz','111-222-3333','terry@example.com',0);
INSERT INTO Users VALUES(45,'Thomas','Burns','thomasb','password123','777-444-5555','thomas@example.com',0);
INSERT INTO Users VALUES(46,'Todd','Rhodes','toddr','password456','999-666-7777','todd@example.com',0);
INSERT INTO Users VALUES(47,'Victoria','Warren','victoriaw','password789','222-555-8888','victoria@example.com',0);
INSERT INTO Users VALUES(48,'Walter','Sullivan','walterd','passwordabc','888-111-2222','walter@example.com',0);
INSERT INTO Users VALUES(49,'William','Bates','williamb','passworddef','444-777-9999','william@example.com',0);
INSERT INTO Users VALUES(50,'Willie','Ford','willief','passwordghi','666-999-1111','willie@example.com',0);
INSERT INTO Users VALUES(51,'Alan','Bishop','alanb','passwordjkl','123-456-7890','alan@example.com',0);
INSERT INTO Users VALUES(52,'Anna','Schmidt','annas','passwordmno','987-654-3210','anna@example.com',0);
INSERT INTO Users VALUES(53,'Betty','Byrd','bettyb','passwordpqr','555-123-4567','betty@example.com',0);
INSERT INTO Users VALUES(54,'Carl','Hoffman','carlh','passwordstu','333-888-9999','carl@example.com',0);
INSERT INTO Users VALUES(55,'Diana','Gordon','dianag','passwordvwx','111-222-3333','diana@example.com',0);
INSERT INTO Users VALUES(56,'Doris','Mitchell','dorism','passwordyz','777-444-5555','doris@example.com',0);
INSERT INTO Users VALUES(57,'Douglas','Hudson','douglash','password123','999-666-7777','douglas@example.com',0);
INSERT INTO Users VALUES(58,'Earl','May','earlm','password456','222-555-8888','earl@example.com',0);
INSERT INTO Users VALUES(59,'Evelyn','Burke','evelynb','password789','888-111-2222','evelyn@example.com',0);
INSERT INTO Users VALUES(60,'Gloria','Gibson','gloriag','passwordabc','444-777-9999','gloria@example.com',0);
INSERT INTO Users VALUES(61,'Geraldine','Olson','geraldineo','passworddef','777-444-5555','geraldine@example.com',0);
INSERT INTO Users VALUES(62,'Howard','Hart','howardh','passwordghi','999-666-7777','howard@example.com',0);
INSERT INTO Users VALUES(63,'Diana','Riley','dianar','passwordjkl','222-555-8888','diana@example.com',0);
INSERT INTO Users VALUES(64,'Kathleen','West','kathleenw','passwordmno','888-111-2222','kathleen@example.com',0);
INSERT INTO Users VALUES(65,'Phillip','Fisher','phillipf','passwordpqr','444-777-9999','phillip@example.com',0);
INSERT INTO Users VALUES(66,'Craig','Rodriguez','craigr','passwordstu','666-999-1111','craig@example.com',0);
INSERT INTO Users VALUES(67,'Keith','Wells','keithw','passwordvwx','123-456-7890','keith@example.com',0);
INSERT INTO Users VALUES(68,'Jose','Lawrence','josel','passwordyz','987-654-3210','jose@example.com',0);
INSERT INTO Users VALUES(69,'Ruth','Roberts','ruthr','password123','555-123-4567','ruth@example.com',0);
INSERT INTO Users VALUES(70,'Ryan','Hawkins','ryanr','password456','333-888-9999','ryan@example.com',0);
INSERT INTO Users VALUES(71,'Alan','Ray','alanr','password789','111-222-3333','alan@example.com',0);
INSERT INTO Users VALUES(72,'Benjamin','Wheeler','benjaminw','passwordabc','777-444-5555','benjamin@example.com',0);
INSERT INTO Users VALUES(73,'David','Wallace','davidw','passworddef','999-666-7777','david@example.com',0);
INSERT INTO Users VALUES(74,'Paula','Diaz','paulad','passwordghi','222-555-8888','paula@example.com',0);
INSERT INTO Users VALUES(75,'Phillip','Campbell','phillipc','passwordjkl','888-111-2222','phillip@example.com',0);
INSERT INTO Users VALUES(76,'Henry','Hernandez','henryh','passwordmno','444-777-9999','henry@example.com',0);
INSERT INTO Users VALUES(77,'Norma','Cole','normac','passwordpqr','666-999-1111','norma@example.com',0);
INSERT INTO Users VALUES(78,'Theresa','Freeman','theresaf','passwordstu','123-456-7890','theresa@example.com',0);
INSERT INTO Users VALUES(79,'Harold','Banks','haroldb','passwordvwx','987-654-3210','harold@example.com',0);
INSERT INTO Users VALUES(80,'Bruce','Wagner','brucew','passwordyz','555-123-4567','bruce@example.com',0);
INSERT INTO Users VALUES(81,'Harry','Ford','harryf','password123','333-888-9999','harry@example.com',0);
INSERT INTO Users VALUES(82,'Julia','Schmidt','julias','password456','111-222-3333','julia@example.com',0);
INSERT INTO Users VALUES(83,'Diane','Morgan','dianem','password789','777-444-5555','diane@example.com',0);
INSERT INTO Users VALUES(84,'Eugene','Morales','eugenem','passwordabc','999-666-7777','eugene@example.com',0);
INSERT INTO Users VALUES(85,'Philip','Coleman','philipc','passworddef','222-555-8888','philip@example.com',0);
INSERT INTO Users VALUES(86,'Ronald','Jennings','ronaldj','passwordghi','888-111-2222','ronald@example.com',0);
INSERT INTO Users VALUES(87,'Keith','Henderson','keithh','passwordjkl','444-777-9999','keith@example.com',0);
INSERT INTO Users VALUES(88,'Alice','Hughes','aliceh','passwordmno','666-999-1111','alice@example.com',0);
INSERT INTO Users VALUES(89,'Jack','Mccoy','jackm','passwordpqr','123-456-7890','jack@example.com',0);
INSERT INTO Users VALUES(90,'Philip','Rose','philipr','passwordstu','987-654-3210','philip@example.com',0);
INSERT INTO Users VALUES(91,'Terry','Murray','terrym','passwordvwx','888-111-2222','terry@example.com',0);
INSERT INTO Users VALUES(92,'Julia','Hanson','juliah','passwordyz','444-777-9999','julia@example.com',0);
INSERT INTO Users VALUES(93,'Sean','Chavez','seanc','password123','666-999-1111','sean@example.com',0);
INSERT INTO Users VALUES(94,'Beverly','Perkins','beverlyp','password456','123-456-7890','beverly@example.com',0);
INSERT INTO Users VALUES(95,'Billy','Mcdonald','billym','password789','987-654-3210','billy@example.com',0);
INSERT INTO Users VALUES(96,'Jeremy','Wagner','jeremyw','passwordabc','555-123-4567','jeremy@example.com',0);
INSERT INTO Users VALUES(97,'Ernest','Frazier','ernestf','passworddef','333-888-9999','ernest@example.com',0);
INSERT INTO Users VALUES(98,'Janice','Ray','janicer','passwordghi','111-222-3333','janice@example.com',0);
INSERT INTO Users VALUES(99,'Shirley','Hernandez','shirleyh','passwordjkl','777-444-5555','shirley@example.com',0);
INSERT INTO Users VALUES(100,'Chris','Christensen','chrisc','passwordmno','999-666-7777','chris@example.com',0);
INSERT INTO Users VALUES(101,'Carlos','Hamilton','carlosh','passwordpqr','222-555-8888','carlos@example.com',0);
INSERT INTO Users VALUES(102,'Ernest','Garza','ernestg','passwordstu','888-111-2222','ernest@example.com',0);
INSERT INTO Users VALUES(103,'Randy','Vasquez','randyv','passwordvwx','444-777-9999','randy@example.com',0);
INSERT INTO Users VALUES(104,'Marie','Harper','marieh','passwordyz','666-999-1111','marie@example.com',0);
INSERT INTO Users VALUES(105,'Diane','Nichols','dianen','password123','123-456-7890','diane@example.com',0);
INSERT INTO Users VALUES(106,'Martha','Gomez','marthag','password456','987-654-3210','martha@example.com',0);
INSERT INTO Users VALUES(107,'Julia','Johnston','juliaj','password789','555-123-4567','julia@example.com',0);
INSERT INTO Users VALUES(108,'Craig','Sims','craigs','passwordabc','333-888-9999','craig@example.com',0);
INSERT INTO Users VALUES(109,'Tina','Lawrence','tinal','passworddef','111-222-3333','tina@example.com',0);
INSERT INTO Users VALUES(110,'Diane','Perez','dianep','passwordghi','777-444-5555','diane@example.com',0);
INSERT INTO Users VALUES(111,'Chris','Gomez','chrisg','passwordjkl','999-666-7777','chris@example.com',0);
INSERT INTO Users VALUES(112,'Wayne','Wheeler','waynew','passwordmno','222-555-8888','wayne@example.com',0);
INSERT INTO Users VALUES(113,'Gerald','Hughes','geraldh','passwordpqr','888-111-2222','gerald@example.com',0);
INSERT INTO Users VALUES(114,'Kimberly','Fleming','kimberlyf','passwordstu','444-777-9999','kimberly@example.com',0);
INSERT INTO Users VALUES(115,'Pamela','Lawson','pamelal','passwordvwx','666-999-1111','pamela@example.com',0);
INSERT INTO Users VALUES(116,'Ruth','Ferguson','ruthf','passwordyz','123-456-7890','ruth@example.com',0);
INSERT INTO Users VALUES(117,'Philip','Chavez','philipc','password123','987-654-3210','philip@example.com',0);
INSERT INTO Users VALUES(118,'Raymond','Vasquez','raymondv','password456','555-123-4567','raymond@example.com',0);
INSERT INTO Users VALUES(119,'Arthur','Johnston','arthurj','password789','333-888-9999','arthur@example.com',0);
INSERT INTO Users VALUES(120,'Louise','Wheeler','louisew','passwordabc','111-222-3333','louise@example.com',0);
INSERT INTO Users VALUES(121,'Samantha','Hart','samanthah','passworddef','123-456-7890','samantha@example.com',0);
INSERT INTO Users VALUES(122,'Lillian','Harvey','lillianh','passwordghi','987-654-3210','lillian@example.com',0);
INSERT INTO Users VALUES(123,'Bobby','Hudson','bobbyh','passwordjkl','555-123-4567','bobby@example.com',0);
INSERT INTO Users VALUES(124,'Tina','Larson','tinal','passwordmno','333-888-9999','tina@example.com',0);
INSERT INTO Users VALUES(125,'Margaret','Castillo','margaretc','passwordpqr','111-222-3333','margaret@example.com',0);
INSERT INTO Users VALUES(126,'Linda','Rhodes','lindarh','passwordstu','777-444-5555','linda@example.com',0);
INSERT INTO Users VALUES(127,'Brenda','Fields','brendaf','passwordvwx','999-666-7777','brenda@example.com',0);
INSERT INTO Users VALUES(128,'Jimmy','Gordon','jimmyg','passwordyz','222-555-8888','jimmy@example.com',0);
INSERT INTO Users VALUES(129,'Christopher','Wheeler','christopherw','password123','888-111-2222','christopher@example.com',0);
INSERT INTO Users VALUES(130,'Joe','Burton','joeb','password456','444-777-9999','joe@example.com',0);
INSERT INTO Users VALUES(131,'Gerald','Wagner','geraldw','password789','666-999-1111','gerald@example.com',0);
INSERT INTO Users VALUES(132,'Betty','Wells','bettyw','passwordabc','123-456-7890','betty@example.com',0);
INSERT INTO Users VALUES(133,'Antonio','Fuller','antoniof','passworddef','987-654-3210','antonio@example.com',0);
INSERT INTO Users VALUES(134,'Rose','Bishop','roseb','passwordghi','555-123-4567','rose@example.com',0);
INSERT INTO Users VALUES(135,'Mildred','Bishop','mildredb','passwordjkl','333-888-9999','mildred@example.com',0);
INSERT INTO Users VALUES(136,'Louis','Knight','louisk','passwordmno','111-222-3333','louis@example.com',0);
INSERT INTO Users VALUES(137,'Walter','Arnold','waltera','passwordpqr','777-444-5555','walter@example.com',0);
INSERT INTO Users VALUES(138,'Wayne','Porter','waynep','passwordstu','999-666-7777','wayne@example.com',0);
INSERT INTO Users VALUES(139,'Tammy','Watkins','tammyw','passwordvwx','222-555-8888','tammy@example.com',0);
INSERT INTO Users VALUES(140,'Lori','Gomez','lorig','passwordyz','888-111-2222','lori@example.com',0);
INSERT INTO Users VALUES(141,'Gloria','Hernandez','gloriah','password123','444-777-9999','gloria@example.com',0);
INSERT INTO Users VALUES(142,'Nicholas','Boyd','nicholasb','password456','666-999-1111','nicholas@example.com',0);
INSERT INTO Users VALUES(143,'Judy','Stevens','judys','password789','123-456-7890','judy@example.com',0);
INSERT INTO Users VALUES(144,'Bobby','Wallace','bobbyw','passwordabc','987-654-3210','bobby@example.com',0);
INSERT INTO Users VALUES(145,'Julie','Powell','juliep','passworddef','555-123-4567','julie@example.com',0);
INSERT INTO Users VALUES(146,'Phillip','Cruz','phillipc','passwordghi','333-888-9999','phillip@example.com',0);
INSERT INTO Users VALUES(147,'Marie','Stephens','maries','passwordjkl','111-222-3333','marie@example.com',0);
INSERT INTO Users VALUES(148,'Christine','Knight','christinek','passwordmno','777-444-5555','christine@example.com',0);
INSERT INTO Users VALUES(149,'Lawrence','Pierce','lawrencep','passwordpqr','999-666-7777','lawrence@example.com',0);
INSERT INTO Users VALUES(150,'Lisa','Ferguson','lisaf','passwordstu','222-555-8888','lisa@example.com',0);
INSERT INTO Users VALUES(151,'Paula','Coleman','paulac','passwordvwx','333-888-9999','paula@example.com',0);
INSERT INTO Users VALUES(152,'Johnny','Woods','johnnyw','passwordyz','111-222-3333','johnny@example.com',0);
INSERT INTO Users VALUES(153,'Russell','Mitchell','russellm','password123','777-444-5555','russell@example.com',0);
INSERT INTO Users VALUES(154,'Kelly','Nguyen','kellyn','password456','999-666-7777','kelly@example.com',0);
INSERT INTO Users VALUES(155,'Beverly','Collins','beverlyc','password789','222-555-8888','beverly@example.com',0);
INSERT INTO Users VALUES(156,'Brandon','Bishop','brandonb','passwordabc','888-111-2222','brandon@example.com',0);
INSERT INTO Users VALUES(157,'Geraldine','Barker','geraldineb','passworddef','444-777-9999','geraldine@example.com',0);
INSERT INTO Users VALUES(158,'Pamela','Fisher','pamelaf','passwordghi','666-999-1111','pamela@example.com',0);
INSERT INTO Users VALUES(159,'Wanda','Perez','wandap','passwordjkl','123-456-7890','wanda@example.com',0);
INSERT INTO Users VALUES(160,'Clarence','Grant','clarenceg','passwordmno','987-654-3210','clarence@example.com',0);
INSERT INTO Users VALUES(161,'Catherine','Richardson','catheriner','passwordpqr','555-123-4567','catherine@example.com',0);
INSERT INTO Users VALUES(162,'Randy','Griffin','randyg','passwordstu','333-888-9999','randy@example.com',0);
INSERT INTO Users VALUES(163,'Roy','Tucker','royt','passwordvwx','111-222-3333','roy@example.com',0);
INSERT INTO Users VALUES(164,'Ronald','Murphy','ronaldm','passwordyz','777-444-5555','ronald@example.com',0);
INSERT INTO Users VALUES(165,'Bonnie','Spencer','bonnies','password123','999-666-7777','bonnie@example.com',0);
INSERT INTO Users VALUES(166,'Cynthia','Hudson','cynthiah','password456','222-555-8888','cynthia@example.com',0);
INSERT INTO Users VALUES(167,'Paul','Kennedy','paulk','password789','888-111-2222','paul@example.com',0);
INSERT INTO Users VALUES(168,'Martin','Gomez','marting','passwordabc','444-777-9999','martin@example.com',0);
INSERT INTO Users VALUES(169,'Harold','Flores','haroldf','passworddef','666-999-1111','harold@example.com',0);
INSERT INTO Users VALUES(170,'Diana','Dixon','dianad','passwordghi','123-456-7890','diana@example.com',0);
INSERT INTO Users VALUES(171,'Peggy','Hamilton','peggyh','passwordjkl','987-654-3210','peggy@example.com',0);
INSERT INTO Users VALUES(172,'Gerald','Hunt','geraldh','passwordmno','555-123-4567','gerald@example.com',0);
INSERT INTO Users VALUES(173,'Helen','Gomez','heleng','passwordpqr','333-888-9999','helen@example.com',0);
INSERT INTO Users VALUES(174,'Stephen','Bryant','stephenb','passwordstu','111-222-3333','stephen@example.com',0);
INSERT INTO Users VALUES(175,'Dennis','Payne','dennisp','passwordvwx','777-444-5555','dennis@example.com',0);
INSERT INTO Users VALUES(176,'Denise','Oliver','deniseo','passwordyz','999-666-7777','denise@example.com',0);
INSERT INTO Users VALUES(177,'Joe','Harvey','joeh','password123','222-555-8888','joe@example.com',0);
INSERT INTO Users VALUES(178,'Walter','Ray','walterr','password456','888-111-2222','walter@example.com',0);
INSERT INTO Users VALUES(179,'Judith','Gardner','judithg','password789','444-777-9999','judith@example.com',0);
INSERT INTO Users VALUES(180,'Gerald','Burns','geraldb','passwordabc','666-999-1111','gerald@example.com',0);
INSERT INTO Users VALUES(181,'Anne','Ward','annew','passwordghi','222-555-8888','anne@example.com',0);
INSERT INTO Users VALUES(182,'Ralph','Watson','ralphw','passwordjkl','888-111-2222','ralph@example.com',0);
INSERT INTO Users VALUES(183,'Theresa','Brooks','theresab','passwordmno','444-777-9999','theresa@example.com',0);
INSERT INTO Users VALUES(184,'Billy','Sanders','billys','passwordpqr','666-999-1111','billy@example.com',0);
INSERT INTO Users VALUES(185,'Diane','Bennett','dianeb','passwordstu','123-456-7890','diane@example.com',0);
INSERT INTO Users VALUES(186,'Todd','Barnes','toddb','passwordvwx','987-654-3210','todd@example.com',0);
INSERT INTO Users VALUES(187,'Jessica','Murray','jessicam','passwordyz','555-123-4567','jessica@example.com',0);
INSERT INTO Users VALUES(188,'Philip','Knight','philipk','password123','333-888-9999','philip@example.com',0);
INSERT INTO Users VALUES(189,'Roy','Duncan','royd','password456','111-222-3333','roy@example.com',0);
INSERT INTO Users VALUES(190,'Annie','Rose','annier','password789','777-444-5555','annie@example.com',0);
INSERT INTO Users VALUES(191,'Alan','Ferguson','alang','passwordabc','999-666-7777','alan@example.com',0);
INSERT INTO Users VALUES(192,'Terry','Carpenter','terryc','passworddef','222-555-8888','terry@example.com',0);
INSERT INTO Users VALUES(193,'Gloria','Webb','gloriaw','passwordghi','888-111-2222','gloria@example.com',0);
INSERT INTO Users VALUES(194,'Katherine','Kelley','katherinek','passwordjkl','444-777-9999','katherine@example.com',0);
INSERT INTO Users VALUES(195,'Billy','Sullivan','billysullivan','passwordmno','666-999-1111','billy@example.com',0);
INSERT INTO Users VALUES(196,'Sara','Warren','saraw','passwordpqr','123-456-7890','sara@example.com',0);
INSERT INTO Users VALUES(197,'Aaron','Banks','aaronb','passwordstu','987-654-3210','aaron@example.com',0);
INSERT INTO Users VALUES(198,'Martha','Gordon','marthag','passwordvwx','555-123-4567','martha@example.com',0);
INSERT INTO Users VALUES(199,'Rachel','Roberts','rachelr','passwordyz','333-888-9999','rachel@example.com',0);
INSERT INTO Users VALUES(200,'Wayne','Henry','wayneh','password123','111-222-3333','wayne@example.com',0);
INSERT INTO Users VALUES(201,'Billy','Kim','billyk','password456','777-444-5555','billy@example.com',0);
INSERT INTO Users VALUES(202,'Janice','Mason','janicem','password789','999-666-7777','janice@example.com',0);
INSERT INTO Users VALUES(203,'Lawrence','Butler','lawrenceb','passwordabc','222-555-8888','lawrence@example.com',0);
INSERT INTO Users VALUES(204,'Jane','Simmons','janesimmons','passworddef','888-111-2222','jane@example.com',0);
INSERT INTO Users VALUES(205,'Donna','Foster','donnaf','passwordghi','444-777-9999','donna@example.com',0);
INSERT INTO Users VALUES(206,'Teresa','Chapman','teresac','passwordjkl','666-999-1111','teresa@example.com',0);
INSERT INTO Users VALUES(207,'Joe','Powell','joep','passwordmno','123-456-7890','joe@example.com',0);
INSERT INTO Users VALUES(208,'Lori','Cunningham','loric','passwordpqr','987-654-3210','lori@example.com',0);
INSERT INTO Users VALUES(209,'Gary','Kennedy','garyk','passwordstu','555-123-4567','gary@example.com',0);
INSERT INTO Users VALUES(210,'Cynthia','Perez','cynthiap','password123','123-456-7890','cynthia@example.com',0);
INSERT INTO Users VALUES(211,'Gregory','Sanchez','gregorys','password456','987-654-3210','gregory@example.com',0);
INSERT INTO Users VALUES(212,'Angela','Morales','angelam','password789','555-123-4567','angela@example.com',0);
INSERT INTO Users VALUES(213,'Timothy','Rogers','timothyr','passwordabc','333-888-9999','timothy@example.com',0);
INSERT INTO Users VALUES(214,'Ashley','Peterson','ashleyp','passworddef','111-222-3333','ashley@example.com',0);
INSERT INTO Users VALUES(215,'Ryan','Cooper','ryanc','passwordghi','777-444-5555','ryan@example.com',0);
INSERT INTO Users VALUES(216,'Heather','Reed','heatherr','passwordjkl','999-666-7777','heather@example.com',0);
INSERT INTO Users VALUES(217,'Patrick','Kelly','patrickk','passwordmno','222-555-8888','patrick@example.com',0);
INSERT INTO Users VALUES(218,'Tiffany','Bailey','tiffanyb','passwordpqr','888-111-2222','tiffany@example.com',0);
INSERT INTO Users VALUES(219,'Charles','Gonzalez','charlesc','passwordstu','444-777-9999','charles@example.com',0);
INSERT INTO Users VALUES(220,'Deborah','Barnes','deborahb','passwordvwx','666-999-1111','deborah@example.com',0);
INSERT INTO Users VALUES(221,'Kathleen','Foster','kathleenf','passwordyz','123-456-7890','kathleen@example.com',0);
INSERT INTO Users VALUES(222,'Gary','Bell','garyb','password123','987-654-3210','gary@example.com',0);
INSERT INTO Users VALUES(223,'Gerald','Gomez','geraldg','password456','555-123-4567','gerald@example.com',0);
INSERT INTO Users VALUES(224,'Janet','Coleman','janetc','password789','333-888-9999','janet@example.com',0);
INSERT INTO Users VALUES(225,'Dennis','Russell','dennisr','passwordabc','111-222-3333','dennis@example.com',0);
INSERT INTO Users VALUES(226,'Marilyn','Griffin','marilyng','passworddef','777-444-5555','marilyn@example.com',0);
INSERT INTO Users VALUES(227,'Evelyn','Diaz','evelynd','passwordghi','999-666-7777','evelyn@example.com',0);
INSERT INTO Users VALUES(228,'Diana','Hayes','dianah','passwordjkl','222-555-8888','diana@example.com',0);
INSERT INTO Users VALUES(229,'Wayne','Myers','waynem','passwordmno','888-111-2222','wayne@example.com',0);
INSERT INTO Users VALUES(230,'Phillip','Ford','phillipf','passwordpqr','444-777-9999','phillip@example.com',0);
INSERT INTO Users VALUES(231,'Kathy','Hamilton','kathyh','passwordstu','666-999-1111','kathy@example.com',0);
INSERT INTO Users VALUES(232,'Joe','Wagner','joew','passwordvwx','123-456-7890','joe@example.com',0);
INSERT INTO Users VALUES(233,'Marie','Burns','marieb','passwordyz','987-654-3210','marie@example.com',0);
INSERT INTO Users VALUES(234,'Sara','Henry','sarahenry','password123','555-123-4567','sara@example.com',0);
INSERT INTO Users VALUES(235,'Harry','Tucker','harryt','password456','333-888-9999','harry@example.com',0);
INSERT INTO Users VALUES(236,'Carl','Porter','carlp','password789','111-222-3333','carl@example.com',0);
INSERT INTO Users VALUES(237,'Mary','Cole','maryc','passwordabc','777-444-5555','mary@example.com',0);
INSERT INTO Users VALUES(238,'Louis','Reyes','louisr','passworddef','999-666-7777','louis@example.com',0);
INSERT INTO Users VALUES(239,'Spencer','Brown','spencerb','password','720-917-9695','spinsab@gmail.com',1);
INSERT INTO Users VALUES(240,'Christopher','Thai','christophert','password','516-749-5791','Officialbenragland@gmail.com',1);
INSERT INTO Users VALUES(241,'Kyuk','Hoon-Ryou','kookh','password','410-608-7070','coocoon09@gmail.com',1);
INSERT INTO Users VALUES(242,'Keenan','Weise','keenanw','password','612-986-1311','kcweise@gmail.com',1);
INSERT INTO Users VALUES(243,'Ben','Ragland','benr','password','540-223-5112','christopherthai2012@gmail.com',1);
CREATE TABLE Reservations (
    id INTEGER PRIMARY KEY AUTOINCREMENT,
    reservation_time INTEGER NOT NULL,
    table_size INTEGER NOT NULL,
    status TEXT NOT NULL,
    notes TEXT NOT NULL,
    user_id INTEGER NOT NULL,
    restaurant_id INTEGER NOT NULL,
    FOREIGN KEY (user_id) REFERENCES Users(id),
    FOREIGN KEY (restaurant_id) REFERENCES Restaurants(id)
    
);
INSERT INTO Reservations VALUES(1,1730500200,4,'confirmed',' ',1,1);
INSERT INTO Reservations VALUES(2,1730500200,6,'confirmed',' ',2,1);
INSERT INTO Reservations VALUES(3,1730500200,4,'confirmed',' ',3,1);
INSERT INTO Reservations VALUES(4,1730500200,8,'confirmed',' ',4,1);
INSERT INTO Reservations VALUES(5,1730502000,2,'confirmed',' ',5,1);
INSERT INTO Reservations VALUES(6,1730502000,2,'confirmed',' ',6,1);
INSERT INTO Reservations VALUES(7,1730502000,4,'confirmed',' ',7,1);
INSERT INTO Reservations VALUES(8,1730502000,4,'confirmed',' ',8,1);
INSERT INTO Reservations VALUES(9,1730502000,6,'confirmed',' ',9,1);
INSERT INTO Reservations VALUES(10,1730502000,4,'confirmed',' ',10,1);
INSERT INTO Reservations VALUES(11,1730503800,8,'confirmed',' ',11,1);
INSERT INTO Reservations VALUES(12,1730503800,4,'confirmed',' ',12,1);
INSERT INTO Reservations VALUES(13,1730503800,4,'confirmed',' ',13,1);
INSERT INTO Reservations VALUES(14,1730503800,6,'confirmed',' ',14,1);
INSERT INTO Reservations VALUES(15,1730503800,4,'confirmed',' ',15,1);
INSERT INTO Reservations VALUES(16,1730503800,4,'confirmed',' ',16,1);
INSERT INTO Reservations VALUES(17,1730505600,2,'confirmed',' ',17,1);
INSERT INTO Reservations VALUES(18,1730505600,4,'confirmed',' ',18,1);
INSERT INTO Reservations VALUES(19,1730505600,2,'confirmed',' ',19,1);
INSERT INTO Reservations VALUES(20,1730505600,4,'confirmed',' ',20,1);
INSERT INTO Reservations VALUES(21,1730505600,2,'confirmed',' ',21,1);
INSERT INTO Reservations VALUES(22,1730505600,4,'confirmed',' ',22,1);
INSERT INTO Reservations VALUES(23,1730507400,6,'confirmed',' ',23,1);
INSERT INTO Reservations VALUES(24,1730507400,8,'confirmed',' ',24,1);
INSERT INTO Reservations VALUES(25,1730507400,6,'confirmed',' ',25,1);
INSERT INTO Reservations VALUES(26,1730507400,4,'confirmed',' ',26,1);
INSERT INTO Reservations VALUES(27,1730509200,6,'confirmed',' ',27,1);
INSERT INTO Reservations VALUES(28,1730511000,4,'confirmed',' ',28,1);
INSERT INTO Reservations VALUES(29,1730586600,4,'confirmed',' ',29,1);
INSERT INTO Reservations VALUES(30,1730586600,2,'confirmed',' ',30,1);
INSERT INTO Reservations VALUES(31,1730586600,4,'confirmed',' ',31,1);
INSERT INTO Reservations VALUES(32,1730586600,6,'confirmed',' ',32,1);
INSERT INTO Reservations VALUES(33,1730586600,8,'confirmed',' ',33,1);
INSERT INTO Reservations VALUES(34,1730588400,4,'confirmed',' ',34,1);
INSERT INTO Reservations VALUES(35,1730588400,4,'confirmed',' ',35,1);
INSERT INTO Reservations VALUES(36,1730588400,2,'confirmed',' ',36,1);
INSERT INTO Reservations VALUES(37,1730588400,4,'confirmed',' ',37,1);
INSERT INTO Reservations VALUES(38,1730588400,6,'confirmed',' ',38,1);
INSERT INTO Reservations VALUES(39,1730590200,4,'confirmed',' ',39,1);
INSERT INTO Reservations VALUES(40,1730590200,4,'confirmed',' ',40,1);
INSERT INTO Reservations VALUES(41,1730590200,4,'confirmed',' ',41,1);
INSERT INTO Reservations VALUES(42,1730590200,2,'confirmed',' ',42,1);
INSERT INTO Reservations VALUES(43,1730590200,4,'confirmed',' ',43,1);
INSERT INTO Reservations VALUES(44,1730592000,4,'confirmed',' ',44,1);
INSERT INTO Reservations VALUES(45,1730592000,2,'confirmed',' ',45,1);
INSERT INTO Reservations VALUES(46,1730592000,4,'confirmed',' ',46,1);
INSERT INTO Reservations VALUES(47,1730592000,2,'confirmed',' ',47,1);
INSERT INTO Reservations VALUES(48,1730592000,2,'confirmed',' ',48,1);
INSERT INTO Reservations VALUES(49,1730592000,4,'confirmed',' ',49,1);
INSERT INTO Reservations VALUES(50,1730593800,4,'confirmed',' ',50,1);
INSERT INTO Reservations VALUES(51,1730593800,4,'confirmed',' ',51,1);
INSERT INTO Reservations VALUES(52,1730593800,2,'confirmed',' ',52,1);
INSERT INTO Reservations VALUES(53,1730593800,4,'confirmed',' ',53,1);
INSERT INTO Reservations VALUES(54,1730595600,4,'confirmed',' ',54,1);
INSERT INTO Reservations VALUES(55,1730597400,6,'confirmed',' ',55,1);
INSERT INTO Reservations VALUES(56,1730673000,6,'confirmed',' ',56,1);
INSERT INTO Reservations VALUES(57,1730673000,8,'confirmed',' ',57,1);
INSERT INTO Reservations VALUES(58,1730673000,2,'confirmed',' ',58,1);
INSERT INTO Reservations VALUES(59,1730673000,4,'confirmed',' ',59,1);
INSERT INTO Reservations VALUES(60,1730674800,2,'confirmed',' ',60,1);
INSERT INTO Reservations VALUES(61,1730674800,4,'confirmed',' ',61,1);
INSERT INTO Reservations VALUES(62,1730674800,4,'confirmed',' ',62,1);
INSERT INTO Reservations VALUES(63,1730674800,2,'confirmed',' ',63,1);
INSERT INTO Reservations VALUES(64,1730676600,4,'confirmed',' ',64,1);
INSERT INTO Reservations VALUES(65,1730676600,6,'confirmed',' ',65,1);
INSERT INTO Reservations VALUES(66,1730676600,8,'confirmed',' ',66,1);
INSERT INTO Reservations VALUES(67,1730676600,2,'confirmed',' ',67,1);
INSERT INTO Reservations VALUES(68,1730676600,4,'confirmed',' ',68,1);
INSERT INTO Reservations VALUES(69,1730678400,2,'confirmed',' ',69,1);
INSERT INTO Reservations VALUES(70,1730678400,2,'confirmed',' ',70,1);
INSERT INTO Reservations VALUES(71,1730678400,4,'confirmed',' ',71,1);
INSERT INTO Reservations VALUES(72,1730678400,8,'confirmed',' ',72,1);
INSERT INTO Reservations VALUES(73,1730680200,8,'confirmed',' ',73,1);
INSERT INTO Reservations VALUES(74,1730680200,2,'confirmed',' ',74,1);
INSERT INTO Reservations VALUES(75,1730680200,4,'confirmed',' ',75,1);
INSERT INTO Reservations VALUES(76,1730680200,2,'confirmed',' ',76,1);
INSERT INTO Reservations VALUES(77,1730682000,4,'confirmed',' ',77,1);
INSERT INTO Reservations VALUES(78,1730683800,4,'confirmed',' ',78,1);
INSERT INTO Reservations VALUES(79,1730500200,4,'confirmed',' ',27,2);
INSERT INTO Reservations VALUES(80,1730500200,4,'confirmed',' ',28,2);
INSERT INTO Reservations VALUES(81,1730500200,6,'confirmed',' ',29,2);
INSERT INTO Reservations VALUES(82,1730500200,6,'confirmed',' ',30,2);
INSERT INTO Reservations VALUES(83,1730502000,4,'confirmed',' ',31,2);
INSERT INTO Reservations VALUES(84,1730502000,8,'confirmed',' ',32,2);
INSERT INTO Reservations VALUES(85,1730502000,2,'confirmed',' ',33,2);
INSERT INTO Reservations VALUES(86,1730502000,8,'confirmed',' ',34,2);
INSERT INTO Reservations VALUES(87,1730502000,2,'confirmed',' ',35,2);
INSERT INTO Reservations VALUES(88,1730502000,8,'confirmed',' ',36,2);
INSERT INTO Reservations VALUES(89,1730503800,2,'confirmed',' ',37,2);
INSERT INTO Reservations VALUES(90,1730503800,2,'confirmed',' ',38,2);
INSERT INTO Reservations VALUES(91,1730503800,2,'confirmed',' ',39,2);
INSERT INTO Reservations VALUES(92,1730503800,2,'confirmed',' ',40,2);
INSERT INTO Reservations VALUES(93,1730503800,4,'confirmed',' ',41,2);
INSERT INTO Reservations VALUES(94,1730503800,4,'confirmed',' ',42,2);
INSERT INTO Reservations VALUES(95,1730505600,2,'confirmed',' ',43,2);
INSERT INTO Reservations VALUES(96,1730505600,4,'confirmed',' ',44,2);
INSERT INTO Reservations VALUES(97,1730505600,12,'confirmed',' ',45,2);
INSERT INTO Reservations VALUES(98,1730505600,4,'confirmed',' ',46,2);
INSERT INTO Reservations VALUES(99,1730505600,8,'confirmed',' ',47,2);
INSERT INTO Reservations VALUES(100,1730505600,4,'confirmed',' ',48,2);
INSERT INTO Reservations VALUES(101,1730507400,6,'confirmed',' ',49,2);
INSERT INTO Reservations VALUES(102,1730507400,8,'confirmed',' ',50,2);
INSERT INTO Reservations VALUES(103,1730507400,6,'confirmed',' ',51,2);
INSERT INTO Reservations VALUES(104,1730507400,4,'confirmed',' ',52,2);
INSERT INTO Reservations VALUES(105,1730509200,6,'confirmed',' ',53,2);
INSERT INTO Reservations VALUES(106,1730511000,4,'confirmed',' ',54,2);
INSERT INTO Reservations VALUES(107,1730586600,4,'confirmed',' ',55,2);
INSERT INTO Reservations VALUES(108,1730586600,2,'confirmed',' ',56,2);
INSERT INTO Reservations VALUES(109,1730586600,4,'confirmed',' ',57,2);
INSERT INTO Reservations VALUES(110,1730586600,6,'confirmed',' ',58,2);
INSERT INTO Reservations VALUES(111,1730586600,8,'confirmed',' ',59,2);
INSERT INTO Reservations VALUES(112,1730588400,4,'confirmed',' ',60,2);
INSERT INTO Reservations VALUES(113,1730588400,4,'confirmed',' ',61,2);
INSERT INTO Reservations VALUES(114,1730588400,2,'confirmed',' ',62,2);
INSERT INTO Reservations VALUES(115,1730588400,4,'confirmed',' ',63,2);
INSERT INTO Reservations VALUES(116,1730588400,6,'confirmed',' ',64,2);
INSERT INTO Reservations VALUES(117,1730590200,4,'confirmed',' ',65,2);
INSERT INTO Reservations VALUES(118,1730590200,4,'confirmed',' ',66,2);
INSERT INTO Reservations VALUES(119,1730590200,4,'confirmed',' ',67,2);
INSERT INTO Reservations VALUES(120,1730590200,2,'confirmed',' ',68,2);
INSERT INTO Reservations VALUES(121,1730590200,4,'confirmed',' ',69,2);
INSERT INTO Reservations VALUES(122,1730592000,4,'confirmed',' ',70,2);
INSERT INTO Reservations VALUES(123,1730592000,2,'confirmed',' ',71,2);
INSERT INTO Reservations VALUES(124,1730592000,4,'confirmed',' ',72,2);
INSERT INTO Reservations VALUES(125,1730592000,2,'confirmed',' ',73,2);
INSERT INTO Reservations VALUES(126,1730592000,2,'confirmed',' ',74,2);
INSERT INTO Reservations VALUES(127,1730592000,3,'confirmed',' ',75,2);
INSERT INTO Reservations VALUES(128,1730593800,2,'confirmed',' ',76,2);
INSERT INTO Reservations VALUES(129,1730593800,4,'confirmed',' ',77,2);
INSERT INTO Reservations VALUES(130,1730593800,2,'confirmed',' ',78,2);
INSERT INTO Reservations VALUES(131,1730593800,8,'confirmed',' ',79,2);
INSERT INTO Reservations VALUES(132,1730595600,6,'confirmed',' ',80,2);
INSERT INTO Reservations VALUES(133,1730597400,6,'confirmed',' ',81,2);
INSERT INTO Reservations VALUES(134,1730673000,4,'confirmed',' ',82,2);
INSERT INTO Reservations VALUES(135,1730673000,8,'confirmed',' ',83,2);
INSERT INTO Reservations VALUES(136,1730673000,4,'confirmed',' ',84,2);
INSERT INTO Reservations VALUES(137,1730673000,2,'confirmed',' ',85,2);
INSERT INTO Reservations VALUES(138,1730674800,2,'confirmed',' ',86,2);
INSERT INTO Reservations VALUES(139,1730674800,4,'confirmed',' ',87,2);
INSERT INTO Reservations VALUES(140,1730674800,2,'confirmed',' ',88,2);
INSERT INTO Reservations VALUES(141,1730674800,4,'confirmed',' ',89,2);
INSERT INTO Reservations VALUES(142,1730676600,4,'confirmed',' ',90,2);
INSERT INTO Reservations VALUES(143,1730676600,6,'confirmed',' ',91,2);
INSERT INTO Reservations VALUES(144,1730676600,8,'confirmed',' ',92,2);
INSERT INTO Reservations VALUES(145,1730676600,6,'confirmed',' ',93,2);
INSERT INTO Reservations VALUES(146,1730676600,6,'confirmed',' ',94,2);
INSERT INTO Reservations VALUES(147,1730678400,2,'confirmed',' ',95,2);
INSERT INTO Reservations VALUES(148,1730678400,4,'confirmed',' ',96,2);
INSERT INTO Reservations VALUES(149,1730678400,4,'confirmed',' ',97,2);
INSERT INTO Reservations VALUES(150,1730678400,4,'confirmed',' ',98,2);
INSERT INTO Reservations VALUES(151,1730680200,4,'confirmed',' ',99,2);
INSERT INTO Reservations VALUES(152,1730680200,2,'confirmed',' ',100,2);
INSERT INTO Reservations VALUES(153,1730680200,4,'confirmed',' ',101,2);
INSERT INTO Reservations VALUES(154,1730680200,2,'confirmed',' ',102,2);
INSERT INTO Reservations VALUES(155,1730682000,4,'confirmed',' ',103,2);
INSERT INTO Reservations VALUES(156,1730683800,4,'confirmed',' ',104,2);
INSERT INTO Reservations VALUES(157,1730500200,4,'confirmed',' ',53,3);
INSERT INTO Reservations VALUES(158,1730500200,4,'confirmed',' ',54,3);
INSERT INTO Reservations VALUES(159,1730500200,4,'confirmed',' ',55,3);
INSERT INTO Reservations VALUES(160,1730500200,6,'confirmed',' ',56,3);
INSERT INTO Reservations VALUES(161,1730502000,2,'confirmed',' ',57,3);
INSERT INTO Reservations VALUES(162,1730502000,2,'confirmed',' ',58,3);
INSERT INTO Reservations VALUES(163,1730502000,2,'confirmed',' ',59,3);
INSERT INTO Reservations VALUES(164,1730502000,6,'confirmed',' ',60,3);
INSERT INTO Reservations VALUES(165,1730502000,2,'confirmed',' ',61,3);
INSERT INTO Reservations VALUES(166,1730502000,8,'confirmed',' ',62,3);
INSERT INTO Reservations VALUES(167,1730503800,2,'confirmed',' ',63,3);
INSERT INTO Reservations VALUES(168,1730503800,8,'confirmed',' ',64,3);
INSERT INTO Reservations VALUES(169,1730503800,2,'confirmed',' ',65,3);
INSERT INTO Reservations VALUES(170,1730503800,2,'confirmed',' ',66,3);
INSERT INTO Reservations VALUES(171,1730503800,4,'confirmed',' ',67,3);
INSERT INTO Reservations VALUES(172,1730503800,4,'confirmed',' ',68,3);
INSERT INTO Reservations VALUES(173,1730505600,4,'confirmed',' ',69,3);
INSERT INTO Reservations VALUES(174,1730505600,4,'confirmed',' ',70,3);
INSERT INTO Reservations VALUES(175,1730505600,4,'confirmed',' ',71,3);
INSERT INTO Reservations VALUES(176,1730505600,4,'confirmed',' ',72,3);
INSERT INTO Reservations VALUES(177,1730505600,8,'confirmed',' ',73,3);
INSERT INTO Reservations VALUES(178,1730505600,4,'confirmed',' ',74,3);
INSERT INTO Reservations VALUES(179,1730507400,6,'confirmed',' ',75,3);
INSERT INTO Reservations VALUES(180,1730507400,6,'confirmed',' ',76,3);
INSERT INTO Reservations VALUES(181,1730507400,6,'confirmed',' ',77,3);
INSERT INTO Reservations VALUES(182,1730507400,4,'confirmed',' ',78,3);
INSERT INTO Reservations VALUES(183,1730509200,6,'confirmed',' ',79,3);
INSERT INTO Reservations VALUES(184,1730511000,4,'confirmed',' ',80,3);
INSERT INTO Reservations VALUES(185,1730586600,6,'confirmed',' ',81,3);
INSERT INTO Reservations VALUES(186,1730586600,2,'confirmed',' ',82,3);
INSERT INTO Reservations VALUES(187,1730586600,4,'confirmed',' ',83,3);
INSERT INTO Reservations VALUES(188,1730586600,10,'confirmed',' ',84,3);
INSERT INTO Reservations VALUES(189,1730586600,8,'confirmed',' ',85,3);
INSERT INTO Reservations VALUES(190,1730588400,8,'confirmed',' ',86,3);
INSERT INTO Reservations VALUES(191,1730588400,4,'confirmed',' ',87,3);
INSERT INTO Reservations VALUES(192,1730588400,4,'confirmed',' ',88,3);
INSERT INTO Reservations VALUES(193,1730588400,4,'confirmed',' ',89,3);
INSERT INTO Reservations VALUES(194,1730588400,4,'confirmed',' ',90,3);
INSERT INTO Reservations VALUES(195,1730590200,6,'confirmed',' ',91,3);
INSERT INTO Reservations VALUES(196,1730590200,8,'confirmed',' ',92,3);
INSERT INTO Reservations VALUES(197,1730590200,12,'confirmed',' ',93,3);
INSERT INTO Reservations VALUES(198,1730590200,2,'confirmed',' ',94,3);
INSERT INTO Reservations VALUES(199,1730590200,4,'confirmed',' ',95,3);
INSERT INTO Reservations VALUES(200,1730592000,4,'confirmed',' ',96,3);
INSERT INTO Reservations VALUES(201,1730592000,2,'confirmed',' ',97,3);
INSERT INTO Reservations VALUES(202,1730592000,4,'confirmed',' ',98,3);
INSERT INTO Reservations VALUES(203,1730592000,2,'confirmed',' ',99,3);
INSERT INTO Reservations VALUES(204,1730592000,2,'confirmed',' ',100,3);
INSERT INTO Reservations VALUES(205,1730592000,4,'confirmed',' ',101,3);
INSERT INTO Reservations VALUES(206,1730593800,2,'confirmed',' ',102,3);
INSERT INTO Reservations VALUES(207,1730593800,4,'confirmed',' ',103,3);
INSERT INTO Reservations VALUES(208,1730593800,2,'confirmed',' ',104,3);
INSERT INTO Reservations VALUES(209,1730593800,3,'confirmed',' ',105,3);
INSERT INTO Reservations VALUES(210,1730595600,4,'confirmed',' ',106,3);
INSERT INTO Reservations VALUES(211,1730597400,6,'confirmed',' ',107,3);
INSERT INTO Reservations VALUES(212,1730673000,6,'confirmed',' ',108,3);
INSERT INTO Reservations VALUES(213,1730673000,6,'confirmed',' ',109,3);
INSERT INTO Reservations VALUES(214,1730673000,4,'confirmed',' ',110,3);
INSERT INTO Reservations VALUES(215,1730673000,2,'confirmed',' ',111,3);
INSERT INTO Reservations VALUES(216,1730674800,2,'confirmed',' ',112,3);
INSERT INTO Reservations VALUES(217,1730674800,4,'confirmed',' ',113,3);
INSERT INTO Reservations VALUES(218,1730674800,2,'confirmed',' ',114,3);
INSERT INTO Reservations VALUES(219,1730674800,4,'confirmed',' ',115,3);
INSERT INTO Reservations VALUES(220,1730676600,4,'confirmed',' ',116,3);
INSERT INTO Reservations VALUES(221,1730676600,6,'confirmed',' ',117,3);
INSERT INTO Reservations VALUES(222,1730676600,8,'confirmed',' ',118,3);
INSERT INTO Reservations VALUES(223,1730676600,6,'confirmed',' ',119,3);
INSERT INTO Reservations VALUES(224,1730676600,8,'confirmed',' ',120,3);
INSERT INTO Reservations VALUES(225,1730678400,10,'confirmed',' ',121,3);
INSERT INTO Reservations VALUES(226,1730678400,4,'confirmed',' ',122,3);
INSERT INTO Reservations VALUES(227,1730678400,4,'confirmed',' ',123,3);
INSERT INTO Reservations VALUES(228,1730678400,6,'confirmed',' ',124,3);
INSERT INTO Reservations VALUES(229,1730680200,4,'confirmed',' ',125,3);
INSERT INTO Reservations VALUES(230,1730680200,8,'confirmed',' ',126,3);
INSERT INTO Reservations VALUES(231,1730680200,4,'confirmed',' ',127,3);
INSERT INTO Reservations VALUES(232,1730680200,2,'confirmed',' ',128,3);
INSERT INTO Reservations VALUES(233,1730682000,4,'confirmed',' ',129,3);
INSERT INTO Reservations VALUES(234,1730683800,4,'confirmed',' ',130,3);
INSERT INTO Reservations VALUES(235,1730500200,4,'confirmed',' ',80,4);
INSERT INTO Reservations VALUES(236,1730500200,4,'confirmed',' ',81,4);
INSERT INTO Reservations VALUES(237,1730500200,4,'confirmed',' ',82,4);
INSERT INTO Reservations VALUES(238,1730500200,6,'confirmed',' ',83,4);
INSERT INTO Reservations VALUES(239,1730502000,2,'confirmed',' ',84,4);
INSERT INTO Reservations VALUES(240,1730502000,2,'confirmed',' ',85,4);
INSERT INTO Reservations VALUES(241,1730502000,2,'confirmed',' ',86,4);
INSERT INTO Reservations VALUES(242,1730502000,4,'confirmed',' ',87,4);
INSERT INTO Reservations VALUES(243,1730502000,4,'confirmed',' ',88,4);
INSERT INTO Reservations VALUES(244,1730502000,4,'confirmed',' ',89,4);
INSERT INTO Reservations VALUES(245,1730503800,4,'confirmed',' ',90,4);
INSERT INTO Reservations VALUES(246,1730503800,4,'confirmed',' ',91,4);
INSERT INTO Reservations VALUES(247,1730503800,2,'confirmed',' ',92,4);
INSERT INTO Reservations VALUES(248,1730503800,2,'confirmed',' ',93,4);
INSERT INTO Reservations VALUES(249,1730503800,4,'confirmed',' ',94,4);
INSERT INTO Reservations VALUES(250,1730503800,4,'confirmed',' ',95,4);
INSERT INTO Reservations VALUES(251,1730505600,2,'confirmed',' ',96,4);
INSERT INTO Reservations VALUES(252,1730505600,6,'confirmed',' ',97,4);
INSERT INTO Reservations VALUES(253,1730505600,2,'confirmed',' ',98,4);
INSERT INTO Reservations VALUES(254,1730505600,2,'confirmed',' ',99,4);
INSERT INTO Reservations VALUES(255,1730505600,6,'confirmed',' ',100,4);
INSERT INTO Reservations VALUES(256,1730505600,4,'confirmed',' ',101,4);
INSERT INTO Reservations VALUES(257,1730507400,6,'confirmed',' ',102,4);
INSERT INTO Reservations VALUES(258,1730507400,6,'confirmed',' ',103,4);
INSERT INTO Reservations VALUES(259,1730507400,2,'confirmed',' ',104,4);
INSERT INTO Reservations VALUES(260,1730507400,4,'confirmed',' ',105,4);
INSERT INTO Reservations VALUES(261,1730509200,2,'confirmed',' ',106,4);
INSERT INTO Reservations VALUES(262,1730511000,4,'confirmed',' ',107,4);
INSERT INTO Reservations VALUES(263,1730586600,6,'confirmed',' ',108,4);
INSERT INTO Reservations VALUES(264,1730586600,2,'confirmed',' ',109,4);
INSERT INTO Reservations VALUES(265,1730586600,2,'confirmed',' ',110,4);
INSERT INTO Reservations VALUES(266,1730586600,2,'confirmed',' ',111,4);
INSERT INTO Reservations VALUES(267,1730586600,8,'confirmed',' ',112,4);
INSERT INTO Reservations VALUES(268,1730588400,8,'confirmed',' ',113,4);
INSERT INTO Reservations VALUES(269,1730588400,2,'confirmed',' ',114,4);
INSERT INTO Reservations VALUES(270,1730588400,4,'confirmed',' ',115,4);
INSERT INTO Reservations VALUES(271,1730588400,4,'confirmed',' ',116,4);
INSERT INTO Reservations VALUES(272,1730588400,2,'confirmed',' ',117,4);
INSERT INTO Reservations VALUES(273,1730590200,6,'confirmed',' ',118,4);
INSERT INTO Reservations VALUES(274,1730590200,8,'confirmed',' ',119,4);
INSERT INTO Reservations VALUES(275,1730590200,2,'confirmed',' ',120,4);
INSERT INTO Reservations VALUES(276,1730590200,2,'confirmed',' ',121,4);
INSERT INTO Reservations VALUES(277,1730590200,4,'confirmed',' ',122,4);
INSERT INTO Reservations VALUES(278,1730592000,4,'confirmed',' ',123,4);
INSERT INTO Reservations VALUES(279,1730592000,2,'confirmed',' ',124,4);
INSERT INTO Reservations VALUES(280,1730592000,2,'confirmed',' ',125,4);
INSERT INTO Reservations VALUES(281,1730592000,2,'confirmed',' ',126,4);
INSERT INTO Reservations VALUES(282,1730592000,2,'confirmed',' ',127,4);
INSERT INTO Reservations VALUES(283,1730592000,4,'confirmed',' ',128,4);
INSERT INTO Reservations VALUES(284,1730593800,2,'confirmed',' ',129,4);
INSERT INTO Reservations VALUES(285,1730593800,4,'confirmed',' ',130,4);
INSERT INTO Reservations VALUES(286,1730593800,2,'confirmed',' ',131,4);
INSERT INTO Reservations VALUES(287,1730593800,3,'confirmed',' ',132,4);
INSERT INTO Reservations VALUES(288,1730595600,4,'confirmed',' ',133,4);
INSERT INTO Reservations VALUES(289,1730597400,2,'confirmed',' ',134,4);
INSERT INTO Reservations VALUES(290,1730673000,6,'confirmed',' ',135,4);
INSERT INTO Reservations VALUES(291,1730673000,6,'confirmed',' ',136,4);
INSERT INTO Reservations VALUES(292,1730673000,4,'confirmed',' ',137,4);
INSERT INTO Reservations VALUES(293,1730673000,2,'confirmed',' ',138,4);
INSERT INTO Reservations VALUES(294,1730674800,2,'confirmed',' ',139,4);
INSERT INTO Reservations VALUES(295,1730674800,2,'confirmed',' ',140,4);
INSERT INTO Reservations VALUES(296,1730674800,2,'confirmed',' ',141,4);
INSERT INTO Reservations VALUES(297,1730674800,4,'confirmed',' ',142,4);
INSERT INTO Reservations VALUES(298,1730676600,4,'confirmed',' ',143,4);
INSERT INTO Reservations VALUES(299,1730676600,6,'confirmed',' ',144,4);
INSERT INTO Reservations VALUES(300,1730676600,8,'confirmed',' ',145,4);
INSERT INTO Reservations VALUES(301,1730676600,2,'confirmed',' ',146,4);
INSERT INTO Reservations VALUES(302,1730676600,8,'confirmed',' ',147,4);
INSERT INTO Reservations VALUES(303,1730678400,10,'confirmed',' ',148,4);
INSERT INTO Reservations VALUES(304,1730678400,4,'confirmed',' ',149,4);
INSERT INTO Reservations VALUES(305,1730678400,4,'confirmed',' ',150,4);
INSERT INTO Reservations VALUES(306,1730678400,6,'confirmed',' ',151,4);
INSERT INTO Reservations VALUES(307,1730680200,2,'confirmed',' ',152,4);
INSERT INTO Reservations VALUES(308,1730680200,8,'confirmed',' ',153,4);
INSERT INTO Reservations VALUES(309,1730680200,4,'confirmed',' ',154,4);
INSERT INTO Reservations VALUES(310,1730680200,2,'confirmed',' ',155,4);
INSERT INTO Reservations VALUES(311,1730682000,2,'confirmed',' ',156,4);
INSERT INTO Reservations VALUES(312,1730683800,2,'confirmed',' ',157,4);
INSERT INTO Reservations VALUES(313,1730500200,4,'confirmed',' ',106,5);
INSERT INTO Reservations VALUES(314,1730500200,4,'confirmed',' ',107,5);
INSERT INTO Reservations VALUES(315,1730500200,4,'confirmed',' ',108,5);
INSERT INTO Reservations VALUES(316,1730500200,4,'confirmed',' ',109,5);
INSERT INTO Reservations VALUES(317,1730502000,4,'confirmed',' ',110,5);
INSERT INTO Reservations VALUES(318,1730502000,4,'confirmed',' ',111,5);
INSERT INTO Reservations VALUES(319,1730502000,4,'confirmed',' ',112,5);
INSERT INTO Reservations VALUES(320,1730502000,3,'confirmed',' ',113,5);
INSERT INTO Reservations VALUES(321,1730502000,3,'confirmed',' ',114,5);
INSERT INTO Reservations VALUES(322,1730502000,2,'confirmed',' ',115,5);
INSERT INTO Reservations VALUES(323,1730503800,6,'confirmed',' ',116,5);
INSERT INTO Reservations VALUES(324,1730503800,6,'confirmed',' ',117,5);
INSERT INTO Reservations VALUES(325,1730503800,2,'confirmed',' ',118,5);
INSERT INTO Reservations VALUES(326,1730503800,2,'confirmed',' ',119,5);
INSERT INTO Reservations VALUES(327,1730503800,2,'confirmed',' ',120,5);
INSERT INTO Reservations VALUES(328,1730503800,8,'confirmed',' ',121,5);
INSERT INTO Reservations VALUES(329,1730505600,8,'confirmed',' ',122,5);
INSERT INTO Reservations VALUES(330,1730505600,12,'confirmed',' ',123,5);
INSERT INTO Reservations VALUES(331,1730505600,4,'confirmed',' ',124,5);
INSERT INTO Reservations VALUES(332,1730505600,4,'confirmed',' ',125,5);
INSERT INTO Reservations VALUES(333,1730505600,4,'confirmed',' ',126,5);
INSERT INTO Reservations VALUES(334,1730505600,8,'confirmed',' ',127,5);
INSERT INTO Reservations VALUES(335,1730507400,8,'confirmed',' ',128,5);
INSERT INTO Reservations VALUES(336,1730507400,8,'confirmed',' ',129,5);
INSERT INTO Reservations VALUES(337,1730507400,4,'confirmed',' ',130,5);
INSERT INTO Reservations VALUES(338,1730507400,2,'confirmed',' ',131,5);
INSERT INTO Reservations VALUES(339,1730509200,2,'confirmed',' ',132,5);
INSERT INTO Reservations VALUES(340,1730511000,2,'confirmed',' ',133,5);
INSERT INTO Reservations VALUES(341,1730586600,2,'confirmed',' ',134,5);
INSERT INTO Reservations VALUES(342,1730586600,8,'confirmed',' ',135,5);
INSERT INTO Reservations VALUES(343,1730586600,8,'confirmed',' ',136,5);
INSERT INTO Reservations VALUES(344,1730586600,4,'confirmed',' ',137,5);
INSERT INTO Reservations VALUES(345,1730586600,4,'confirmed',' ',138,5);
INSERT INTO Reservations VALUES(346,1730588400,4,'confirmed',' ',139,5);
INSERT INTO Reservations VALUES(347,1730588400,6,'confirmed',' ',140,5);
INSERT INTO Reservations VALUES(348,1730588400,4,'confirmed',' ',141,5);
INSERT INTO Reservations VALUES(349,1730588400,4,'confirmed',' ',142,5);
INSERT INTO Reservations VALUES(350,1730588400,4,'confirmed',' ',143,5);
INSERT INTO Reservations VALUES(351,1730590200,4,'confirmed',' ',144,5);
INSERT INTO Reservations VALUES(352,1730590200,4,'confirmed',' ',145,5);
INSERT INTO Reservations VALUES(353,1730590200,4,'confirmed',' ',146,5);
INSERT INTO Reservations VALUES(354,1730590200,4,'confirmed',' ',147,5);
INSERT INTO Reservations VALUES(355,1730590200,4,'confirmed',' ',148,5);
INSERT INTO Reservations VALUES(356,1730592000,4,'confirmed',' ',149,5);
INSERT INTO Reservations VALUES(357,1730592000,2,'confirmed',' ',150,5);
INSERT INTO Reservations VALUES(358,1730592000,8,'confirmed',' ',151,5);
INSERT INTO Reservations VALUES(359,1730592000,8,'confirmed',' ',152,5);
INSERT INTO Reservations VALUES(360,1730592000,2,'confirmed',' ',153,5);
INSERT INTO Reservations VALUES(361,1730592000,2,'confirmed',' ',154,5);
INSERT INTO Reservations VALUES(362,1730593800,2,'confirmed',' ',155,5);
INSERT INTO Reservations VALUES(363,1730593800,2,'confirmed',' ',156,5);
INSERT INTO Reservations VALUES(364,1730593800,6,'confirmed',' ',157,5);
INSERT INTO Reservations VALUES(365,1730593800,4,'confirmed',' ',158,5);
INSERT INTO Reservations VALUES(366,1730595600,6,'confirmed',' ',159,5);
INSERT INTO Reservations VALUES(367,1730597400,2,'confirmed',' ',160,5);
INSERT INTO Reservations VALUES(368,1730673000,2,'confirmed',' ',161,5);
INSERT INTO Reservations VALUES(369,1730673000,2,'confirmed',' ',162,5);
INSERT INTO Reservations VALUES(370,1730673000,4,'confirmed',' ',163,5);
INSERT INTO Reservations VALUES(371,1730673000,2,'confirmed',' ',164,5);
INSERT INTO Reservations VALUES(372,1730674800,2,'confirmed',' ',165,5);
INSERT INTO Reservations VALUES(373,1730674800,2,'confirmed',' ',166,5);
INSERT INTO Reservations VALUES(374,1730674800,2,'confirmed',' ',167,5);
INSERT INTO Reservations VALUES(375,1730674800,4,'confirmed',' ',168,5);
INSERT INTO Reservations VALUES(376,1730676600,4,'confirmed',' ',169,5);
INSERT INTO Reservations VALUES(377,1730676600,4,'confirmed',' ',170,5);
INSERT INTO Reservations VALUES(378,1730676600,4,'confirmed',' ',171,5);
INSERT INTO Reservations VALUES(379,1730676600,4,'confirmed',' ',172,5);
INSERT INTO Reservations VALUES(380,1730676600,2,'confirmed',' ',173,5);
INSERT INTO Reservations VALUES(381,1730678400,2,'confirmed',' ',174,5);
INSERT INTO Reservations VALUES(382,1730678400,2,'confirmed',' ',175,5);
INSERT INTO Reservations VALUES(383,1730678400,4,'confirmed',' ',176,5);
INSERT INTO Reservations VALUES(384,1730678400,6,'confirmed',' ',177,5);
INSERT INTO Reservations VALUES(385,1730680200,4,'confirmed',' ',178,5);
INSERT INTO Reservations VALUES(386,1730680200,4,'confirmed',' ',179,5);
INSERT INTO Reservations VALUES(387,1730680200,4,'confirmed',' ',180,5);
INSERT INTO Reservations VALUES(388,1730680200,8,'confirmed',' ',181,5);
INSERT INTO Reservations VALUES(389,1730682000,2,'confirmed',' ',182,5);
INSERT INTO Reservations VALUES(390,1730683800,2,'confirmed',' ',183,5);
INSERT INTO Reservations VALUES(391,1730500200,4,'confirmed',' ',132,6);
INSERT INTO Reservations VALUES(392,1730500200,4,'confirmed',' ',133,6);
INSERT INTO Reservations VALUES(393,1730500200,2,'confirmed',' ',134,6);
INSERT INTO Reservations VALUES(394,1730500200,2,'confirmed',' ',135,6);
INSERT INTO Reservations VALUES(395,1730502000,4,'confirmed',' ',136,6);
INSERT INTO Reservations VALUES(396,1730502000,4,'confirmed',' ',137,6);
INSERT INTO Reservations VALUES(397,1730502000,2,'confirmed',' ',138,6);
INSERT INTO Reservations VALUES(398,1730502000,4,'confirmed',' ',139,6);
INSERT INTO Reservations VALUES(399,1730502000,4,'confirmed',' ',140,6);
INSERT INTO Reservations VALUES(400,1730502000,4,'confirmed',' ',141,6);
INSERT INTO Reservations VALUES(401,1730503800,4,'confirmed',' ',142,6);
INSERT INTO Reservations VALUES(402,1730503800,4,'confirmed',' ',143,6);
INSERT INTO Reservations VALUES(403,1730503800,2,'confirmed',' ',144,6);
INSERT INTO Reservations VALUES(404,1730503800,4,'confirmed',' ',145,6);
INSERT INTO Reservations VALUES(405,1730503800,2,'confirmed',' ',146,6);
INSERT INTO Reservations VALUES(406,1730503800,4,'confirmed',' ',147,6);
INSERT INTO Reservations VALUES(407,1730505600,8,'confirmed',' ',148,6);
INSERT INTO Reservations VALUES(408,1730505600,4,'confirmed',' ',149,6);
INSERT INTO Reservations VALUES(409,1730505600,4,'confirmed',' ',150,6);
INSERT INTO Reservations VALUES(410,1730505600,4,'confirmed',' ',151,6);
INSERT INTO Reservations VALUES(411,1730505600,4,'confirmed',' ',152,6);
INSERT INTO Reservations VALUES(412,1730505600,8,'confirmed',' ',153,6);
INSERT INTO Reservations VALUES(413,1730507400,4,'confirmed',' ',154,6);
INSERT INTO Reservations VALUES(414,1730507400,8,'confirmed',' ',155,6);
INSERT INTO Reservations VALUES(415,1730507400,4,'confirmed',' ',156,6);
INSERT INTO Reservations VALUES(416,1730507400,4,'confirmed',' ',157,6);
INSERT INTO Reservations VALUES(417,1730509200,2,'confirmed',' ',158,6);
INSERT INTO Reservations VALUES(418,1730511000,6,'confirmed',' ',159,6);
INSERT INTO Reservations VALUES(419,1730586600,6,'confirmed',' ',160,6);
INSERT INTO Reservations VALUES(420,1730586600,8,'confirmed',' ',161,6);
INSERT INTO Reservations VALUES(421,1730586600,4,'confirmed',' ',162,6);
INSERT INTO Reservations VALUES(422,1730586600,4,'confirmed',' ',163,6);
INSERT INTO Reservations VALUES(423,1730586600,2,'confirmed',' ',164,6);
INSERT INTO Reservations VALUES(424,1730588400,2,'confirmed',' ',165,6);
INSERT INTO Reservations VALUES(425,1730588400,2,'confirmed',' ',166,6);
INSERT INTO Reservations VALUES(426,1730588400,4,'confirmed',' ',167,6);
INSERT INTO Reservations VALUES(427,1730588400,2,'confirmed',' ',168,6);
INSERT INTO Reservations VALUES(428,1730588400,4,'confirmed',' ',169,6);
INSERT INTO Reservations VALUES(429,1730590200,4,'confirmed',' ',170,6);
INSERT INTO Reservations VALUES(430,1730590200,4,'confirmed',' ',171,6);
INSERT INTO Reservations VALUES(431,1730590200,4,'confirmed',' ',172,6);
INSERT INTO Reservations VALUES(432,1730590200,2,'confirmed',' ',173,6);
INSERT INTO Reservations VALUES(433,1730590200,2,'confirmed',' ',174,6);
INSERT INTO Reservations VALUES(434,1730592000,4,'confirmed',' ',175,6);
INSERT INTO Reservations VALUES(435,1730592000,2,'confirmed',' ',176,6);
INSERT INTO Reservations VALUES(436,1730592000,4,'confirmed',' ',177,6);
INSERT INTO Reservations VALUES(437,1730592000,8,'confirmed',' ',178,6);
INSERT INTO Reservations VALUES(438,1730592000,4,'confirmed',' ',179,6);
INSERT INTO Reservations VALUES(439,1730592000,2,'confirmed',' ',180,6);
INSERT INTO Reservations VALUES(440,1730593800,4,'confirmed',' ',181,6);
INSERT INTO Reservations VALUES(441,1730593800,4,'confirmed',' ',182,6);
INSERT INTO Reservations VALUES(442,1730593800,4,'confirmed',' ',183,6);
INSERT INTO Reservations VALUES(443,1730593800,4,'confirmed',' ',184,6);
INSERT INTO Reservations VALUES(444,1730595600,6,'confirmed',' ',185,6);
INSERT INTO Reservations VALUES(445,1730597400,2,'confirmed',' ',186,6);
INSERT INTO Reservations VALUES(446,1730673000,4,'confirmed',' ',187,6);
INSERT INTO Reservations VALUES(447,1730673000,4,'confirmed',' ',188,6);
INSERT INTO Reservations VALUES(448,1730673000,4,'confirmed',' ',189,6);
INSERT INTO Reservations VALUES(449,1730673000,2,'confirmed',' ',190,6);
INSERT INTO Reservations VALUES(450,1730674800,2,'confirmed',' ',191,6);
INSERT INTO Reservations VALUES(451,1730674800,4,'confirmed',' ',192,6);
INSERT INTO Reservations VALUES(452,1730674800,2,'confirmed',' ',193,6);
INSERT INTO Reservations VALUES(453,1730674800,4,'confirmed',' ',194,6);
INSERT INTO Reservations VALUES(454,1730676600,2,'confirmed',' ',195,6);
INSERT INTO Reservations VALUES(455,1730676600,2,'confirmed',' ',196,6);
INSERT INTO Reservations VALUES(456,1730676600,2,'confirmed',' ',197,6);
INSERT INTO Reservations VALUES(457,1730676600,4,'confirmed',' ',198,6);
INSERT INTO Reservations VALUES(458,1730676600,4,'confirmed',' ',199,6);
INSERT INTO Reservations VALUES(459,1730678400,2,'confirmed',' ',200,6);
INSERT INTO Reservations VALUES(460,1730678400,6,'confirmed',' ',201,6);
INSERT INTO Reservations VALUES(461,1730678400,4,'confirmed',' ',202,6);
INSERT INTO Reservations VALUES(462,1730678400,6,'confirmed',' ',203,6);
INSERT INTO Reservations VALUES(463,1730680200,4,'confirmed',' ',204,6);
INSERT INTO Reservations VALUES(464,1730680200,4,'confirmed',' ',205,6);
INSERT INTO Reservations VALUES(465,1730680200,2,'confirmed',' ',206,6);
INSERT INTO Reservations VALUES(466,1730680200,2,'confirmed',' ',207,6);
INSERT INTO Reservations VALUES(467,1730682000,8,'confirmed',' ',208,6);
INSERT INTO Reservations VALUES(468,1730683800,2,'confirmed',' ',209,6);
INSERT INTO Reservations VALUES(469,1730500200,4,'confirmed',' ',156,7);
INSERT INTO Reservations VALUES(470,1730500200,4,'confirmed',' ',157,7);
INSERT INTO Reservations VALUES(471,1730500200,4,'confirmed',' ',158,7);
INSERT INTO Reservations VALUES(472,1730500200,4,'confirmed',' ',159,7);
INSERT INTO Reservations VALUES(473,1730502000,2,'confirmed',' ',160,7);
INSERT INTO Reservations VALUES(474,1730502000,2,'confirmed',' ',161,7);
INSERT INTO Reservations VALUES(475,1730502000,2,'confirmed',' ',162,7);
INSERT INTO Reservations VALUES(476,1730502000,4,'confirmed',' ',163,7);
INSERT INTO Reservations VALUES(477,1730502000,6,'confirmed',' ',164,7);
INSERT INTO Reservations VALUES(478,1730502000,8,'confirmed',' ',165,7);
INSERT INTO Reservations VALUES(479,1730503800,4,'confirmed',' ',166,7);
INSERT INTO Reservations VALUES(480,1730503800,8,'confirmed',' ',167,7);
INSERT INTO Reservations VALUES(481,1730503800,4,'confirmed',' ',168,7);
INSERT INTO Reservations VALUES(482,1730503800,4,'confirmed',' ',169,7);
INSERT INTO Reservations VALUES(483,1730503800,2,'confirmed',' ',170,7);
INSERT INTO Reservations VALUES(484,1730503800,4,'confirmed',' ',171,7);
INSERT INTO Reservations VALUES(485,1730505600,4,'confirmed',' ',172,7);
INSERT INTO Reservations VALUES(486,1730505600,4,'confirmed',' ',173,7);
INSERT INTO Reservations VALUES(487,1730505600,4,'confirmed',' ',174,7);
INSERT INTO Reservations VALUES(488,1730505600,2,'confirmed',' ',175,7);
INSERT INTO Reservations VALUES(489,1730505600,2,'confirmed',' ',176,7);
INSERT INTO Reservations VALUES(490,1730505600,2,'confirmed',' ',177,7);
INSERT INTO Reservations VALUES(491,1730507400,6,'confirmed',' ',178,7);
INSERT INTO Reservations VALUES(492,1730507400,4,'confirmed',' ',179,7);
INSERT INTO Reservations VALUES(493,1730507400,2,'confirmed',' ',180,7);
INSERT INTO Reservations VALUES(494,1730507400,6,'confirmed',' ',181,7);
INSERT INTO Reservations VALUES(495,1730509200,2,'confirmed',' ',182,7);
INSERT INTO Reservations VALUES(496,1730511000,6,'confirmed',' ',183,7);
INSERT INTO Reservations VALUES(497,1730586600,2,'confirmed',' ',184,7);
INSERT INTO Reservations VALUES(498,1730586600,8,'confirmed',' ',185,7);
INSERT INTO Reservations VALUES(499,1730586600,6,'confirmed',' ',186,7);
INSERT INTO Reservations VALUES(500,1730586600,2,'confirmed',' ',187,7);
INSERT INTO Reservations VALUES(501,1730586600,2,'confirmed',' ',188,7);
INSERT INTO Reservations VALUES(502,1730588400,2,'confirmed',' ',189,7);
INSERT INTO Reservations VALUES(503,1730588400,2,'confirmed',' ',190,7);
INSERT INTO Reservations VALUES(504,1730588400,6,'confirmed',' ',191,7);
INSERT INTO Reservations VALUES(505,1730588400,2,'confirmed',' ',192,7);
INSERT INTO Reservations VALUES(506,1730588400,4,'confirmed',' ',193,7);
INSERT INTO Reservations VALUES(507,1730590200,4,'confirmed',' ',194,7);
INSERT INTO Reservations VALUES(508,1730590200,6,'confirmed',' ',195,7);
INSERT INTO Reservations VALUES(509,1730590200,2,'confirmed',' ',196,7);
INSERT INTO Reservations VALUES(510,1730590200,2,'confirmed',' ',197,7);
INSERT INTO Reservations VALUES(511,1730590200,2,'confirmed',' ',198,7);
INSERT INTO Reservations VALUES(512,1730592000,6,'confirmed',' ',199,7);
INSERT INTO Reservations VALUES(513,1730592000,2,'confirmed',' ',200,7);
INSERT INTO Reservations VALUES(514,1730592000,4,'confirmed',' ',201,7);
INSERT INTO Reservations VALUES(515,1730592000,8,'confirmed',' ',202,7);
INSERT INTO Reservations VALUES(516,1730592000,4,'confirmed',' ',203,7);
INSERT INTO Reservations VALUES(517,1730592000,8,'confirmed',' ',204,7);
INSERT INTO Reservations VALUES(518,1730593800,4,'confirmed',' ',205,7);
INSERT INTO Reservations VALUES(519,1730593800,4,'confirmed',' ',206,7);
INSERT INTO Reservations VALUES(520,1730593800,4,'confirmed',' ',207,7);
INSERT INTO Reservations VALUES(521,1730593800,8,'confirmed',' ',208,7);
INSERT INTO Reservations VALUES(522,1730595600,6,'confirmed',' ',209,7);
INSERT INTO Reservations VALUES(523,1730597400,6,'confirmed',' ',210,7);
INSERT INTO Reservations VALUES(524,1730673000,4,'confirmed',' ',211,7);
INSERT INTO Reservations VALUES(525,1730673000,4,'confirmed',' ',212,7);
INSERT INTO Reservations VALUES(526,1730673000,2,'confirmed',' ',213,7);
INSERT INTO Reservations VALUES(527,1730673000,4,'confirmed',' ',214,7);
INSERT INTO Reservations VALUES(528,1730674800,2,'confirmed',' ',215,7);
INSERT INTO Reservations VALUES(529,1730674800,6,'confirmed',' ',216,7);
INSERT INTO Reservations VALUES(530,1730674800,6,'confirmed',' ',217,7);
INSERT INTO Reservations VALUES(531,1730674800,4,'confirmed',' ',218,7);
INSERT INTO Reservations VALUES(532,1730676600,2,'confirmed',' ',219,7);
INSERT INTO Reservations VALUES(533,1730676600,4,'confirmed',' ',220,7);
INSERT INTO Reservations VALUES(534,1730676600,2,'confirmed',' ',221,7);
INSERT INTO Reservations VALUES(535,1730676600,4,'confirmed',' ',222,7);
INSERT INTO Reservations VALUES(536,1730676600,2,'confirmed',' ',223,7);
INSERT INTO Reservations VALUES(537,1730678400,2,'confirmed',' ',224,7);
INSERT INTO Reservations VALUES(538,1730678400,2,'confirmed',' ',225,7);
INSERT INTO Reservations VALUES(539,1730678400,4,'confirmed',' ',226,7);
INSERT INTO Reservations VALUES(540,1730678400,6,'confirmed',' ',227,7);
INSERT INTO Reservations VALUES(541,1730680200,4,'confirmed',' ',228,7);
INSERT INTO Reservations VALUES(542,1730680200,4,'confirmed',' ',229,7);
INSERT INTO Reservations VALUES(543,1730680200,2,'confirmed',' ',230,7);
INSERT INTO Reservations VALUES(544,1730680200,2,'confirmed',' ',231,7);
INSERT INTO Reservations VALUES(545,1730682000,6,'confirmed',' ',232,7);
INSERT INTO Reservations VALUES(546,1730683800,2,'confirmed',' ',233,7);
INSERT INTO Reservations VALUES(547,1730500200,4,'confirmed',' ',180,8);
INSERT INTO Reservations VALUES(548,1730500200,2,'confirmed',' ',181,8);
INSERT INTO Reservations VALUES(549,1730500200,4,'confirmed',' ',182,8);
INSERT INTO Reservations VALUES(550,1730500200,4,'confirmed',' ',183,8);
INSERT INTO Reservations VALUES(551,1730502000,2,'confirmed',' ',184,8);
INSERT INTO Reservations VALUES(552,1730502000,4,'confirmed',' ',185,8);
INSERT INTO Reservations VALUES(553,1730502000,4,'confirmed',' ',186,8);
INSERT INTO Reservations VALUES(554,1730502000,4,'confirmed',' ',187,8);
INSERT INTO Reservations VALUES(555,1730502000,4,'confirmed',' ',188,8);
INSERT INTO Reservations VALUES(556,1730502000,6,'confirmed',' ',189,8);
INSERT INTO Reservations VALUES(557,1730503800,4,'confirmed',' ',190,8);
INSERT INTO Reservations VALUES(558,1730503800,6,'confirmed',' ',191,8);
INSERT INTO Reservations VALUES(559,1730503800,4,'confirmed',' ',192,8);
INSERT INTO Reservations VALUES(560,1730503800,4,'confirmed',' ',193,8);
INSERT INTO Reservations VALUES(561,1730503800,4,'confirmed',' ',194,8);
INSERT INTO Reservations VALUES(562,1730503800,4,'confirmed',' ',195,8);
INSERT INTO Reservations VALUES(563,1730505600,2,'confirmed',' ',196,8);
INSERT INTO Reservations VALUES(564,1730505600,2,'confirmed',' ',197,8);
INSERT INTO Reservations VALUES(565,1730505600,2,'confirmed',' ',198,8);
INSERT INTO Reservations VALUES(566,1730505600,2,'confirmed',' ',199,8);
INSERT INTO Reservations VALUES(567,1730505600,2,'confirmed',' ',200,8);
INSERT INTO Reservations VALUES(568,1730505600,2,'confirmed',' ',201,8);
INSERT INTO Reservations VALUES(569,1730507400,6,'confirmed',' ',202,8);
INSERT INTO Reservations VALUES(570,1730507400,4,'confirmed',' ',203,8);
INSERT INTO Reservations VALUES(571,1730507400,8,'confirmed',' ',204,8);
INSERT INTO Reservations VALUES(572,1730507400,6,'confirmed',' ',205,8);
INSERT INTO Reservations VALUES(573,1730509200,8,'confirmed',' ',206,8);
INSERT INTO Reservations VALUES(574,1730511000,6,'confirmed',' ',207,8);
INSERT INTO Reservations VALUES(575,1730586600,2,'confirmed',' ',208,8);
INSERT INTO Reservations VALUES(576,1730586600,6,'confirmed',' ',209,8);
INSERT INTO Reservations VALUES(577,1730586600,4,'confirmed',' ',210,8);
INSERT INTO Reservations VALUES(578,1730586600,4,'confirmed',' ',211,8);
INSERT INTO Reservations VALUES(579,1730586600,4,'confirmed',' ',212,8);
INSERT INTO Reservations VALUES(580,1730588400,2,'confirmed',' ',213,8);
INSERT INTO Reservations VALUES(581,1730588400,4,'confirmed',' ',214,8);
INSERT INTO Reservations VALUES(582,1730588400,6,'confirmed',' ',215,8);
INSERT INTO Reservations VALUES(583,1730588400,4,'confirmed',' ',216,8);
INSERT INTO Reservations VALUES(584,1730588400,4,'confirmed',' ',217,8);
INSERT INTO Reservations VALUES(585,1730590200,6,'confirmed',' ',218,8);
INSERT INTO Reservations VALUES(586,1730590200,6,'confirmed',' ',219,8);
INSERT INTO Reservations VALUES(587,1730590200,4,'confirmed',' ',220,8);
INSERT INTO Reservations VALUES(588,1730590200,2,'confirmed',' ',221,8);
INSERT INTO Reservations VALUES(589,1730590200,4,'confirmed',' ',222,8);
INSERT INTO Reservations VALUES(590,1730592000,6,'confirmed',' ',223,8);
INSERT INTO Reservations VALUES(591,1730592000,2,'confirmed',' ',224,8);
INSERT INTO Reservations VALUES(592,1730592000,4,'confirmed',' ',225,8);
INSERT INTO Reservations VALUES(593,1730592000,8,'confirmed',' ',226,8);
INSERT INTO Reservations VALUES(594,1730592000,4,'confirmed',' ',227,8);
INSERT INTO Reservations VALUES(595,1730592000,8,'confirmed',' ',228,8);
INSERT INTO Reservations VALUES(596,1730593800,4,'confirmed',' ',229,8);
INSERT INTO Reservations VALUES(597,1730593800,4,'confirmed',' ',230,8);
INSERT INTO Reservations VALUES(598,1730593800,6,'confirmed',' ',231,8);
INSERT INTO Reservations VALUES(599,1730593800,6,'confirmed',' ',232,8);
INSERT INTO Reservations VALUES(600,1730595600,6,'confirmed',' ',233,8);
INSERT INTO Reservations VALUES(601,1730597400,6,'confirmed',' ',234,8);
INSERT INTO Reservations VALUES(602,1730673000,4,'confirmed',' ',235,8);
INSERT INTO Reservations VALUES(603,1730673000,4,'confirmed',' ',236,8);
INSERT INTO Reservations VALUES(604,1730673000,2,'confirmed',' ',237,8);
INSERT INTO Reservations VALUES(605,1730673000,4,'confirmed',' ',1,8);
INSERT INTO Reservations VALUES(606,1730674800,6,'confirmed',' ',2,8);
INSERT INTO Reservations VALUES(607,1730674800,4,'confirmed',' ',3,8);
INSERT INTO Reservations VALUES(608,1730674800,4,'confirmed',' ',4,8);
INSERT INTO Reservations VALUES(609,1730674800,4,'confirmed',' ',5,8);
INSERT INTO Reservations VALUES(610,1730676600,2,'confirmed',' ',6,8);
INSERT INTO Reservations VALUES(611,1730676600,4,'confirmed',' ',7,8);
INSERT INTO Reservations VALUES(612,1730676600,2,'confirmed',' ',8,8);
INSERT INTO Reservations VALUES(613,1730676600,4,'confirmed',' ',9,8);
INSERT INTO Reservations VALUES(614,1730676600,2,'confirmed',' ',10,8);
INSERT INTO Reservations VALUES(615,1730678400,4,'confirmed',' ',11,8);
INSERT INTO Reservations VALUES(616,1730678400,4,'confirmed',' ',12,8);
INSERT INTO Reservations VALUES(617,1730678400,4,'confirmed',' ',13,8);
INSERT INTO Reservations VALUES(618,1730678400,6,'confirmed',' ',14,8);
INSERT INTO Reservations VALUES(619,1730680200,4,'confirmed',' ',15,8);
INSERT INTO Reservations VALUES(620,1730680200,4,'confirmed',' ',16,8);
INSERT INTO Reservations VALUES(621,1730680200,2,'confirmed',' ',17,8);
INSERT INTO Reservations VALUES(622,1730680200,4,'confirmed',' ',18,8);
INSERT INTO Reservations VALUES(623,1730682000,4,'confirmed',' ',19,8);
INSERT INTO Reservations VALUES(624,1730683800,2,'confirmed',' ',20,8);
INSERT INTO Reservations VALUES(625,1730500200,4,'confirmed',' ',206,9);
INSERT INTO Reservations VALUES(626,1730500200,2,'confirmed',' ',207,9);
INSERT INTO Reservations VALUES(627,1730500200,4,'confirmed',' ',208,9);
INSERT INTO Reservations VALUES(628,1730500200,2,'confirmed',' ',209,9);
INSERT INTO Reservations VALUES(629,1730502000,2,'confirmed',' ',210,9);
INSERT INTO Reservations VALUES(630,1730502000,4,'confirmed',' ',211,9);
INSERT INTO Reservations VALUES(631,1730502000,4,'confirmed',' ',212,9);
INSERT INTO Reservations VALUES(632,1730502000,8,'confirmed',' ',213,9);
INSERT INTO Reservations VALUES(633,1730502000,8,'confirmed',' ',214,9);
INSERT INTO Reservations VALUES(634,1730502000,8,'confirmed',' ',215,9);
INSERT INTO Reservations VALUES(635,1730503800,4,'confirmed',' ',216,9);
INSERT INTO Reservations VALUES(636,1730503800,4,'confirmed',' ',217,9);
INSERT INTO Reservations VALUES(637,1730503800,4,'confirmed',' ',218,9);
INSERT INTO Reservations VALUES(638,1730503800,4,'confirmed',' ',219,9);
INSERT INTO Reservations VALUES(639,1730503800,4,'confirmed',' ',220,9);
INSERT INTO Reservations VALUES(640,1730503800,4,'confirmed',' ',221,9);
INSERT INTO Reservations VALUES(641,1730505600,2,'confirmed',' ',222,9);
INSERT INTO Reservations VALUES(642,1730505600,2,'confirmed',' ',223,9);
INSERT INTO Reservations VALUES(643,1730505600,4,'confirmed',' ',224,9);
INSERT INTO Reservations VALUES(644,1730505600,4,'confirmed',' ',225,9);
INSERT INTO Reservations VALUES(645,1730505600,4,'confirmed',' ',226,9);
INSERT INTO Reservations VALUES(646,1730505600,2,'confirmed',' ',227,9);
INSERT INTO Reservations VALUES(647,1730507400,6,'confirmed',' ',228,9);
INSERT INTO Reservations VALUES(648,1730507400,4,'confirmed',' ',229,9);
INSERT INTO Reservations VALUES(649,1730507400,2,'confirmed',' ',230,9);
INSERT INTO Reservations VALUES(650,1730507400,6,'confirmed',' ',231,9);
INSERT INTO Reservations VALUES(651,1730509200,8,'confirmed',' ',232,9);
INSERT INTO Reservations VALUES(652,1730511000,2,'confirmed',' ',233,9);
INSERT INTO Reservations VALUES(653,1730586600,2,'confirmed',' ',234,9);
INSERT INTO Reservations VALUES(654,1730586600,6,'confirmed',' ',235,9);
INSERT INTO Reservations VALUES(655,1730586600,4,'confirmed',' ',236,9);
INSERT INTO Reservations VALUES(656,1730586600,2,'confirmed',' ',1,9);
INSERT INTO Reservations VALUES(657,1730586600,4,'confirmed',' ',2,9);
INSERT INTO Reservations VALUES(658,1730588400,2,'confirmed',' ',3,9);
INSERT INTO Reservations VALUES(659,1730588400,4,'confirmed',' ',4,9);
INSERT INTO Reservations VALUES(660,1730588400,6,'confirmed',' ',5,9);
INSERT INTO Reservations VALUES(661,1730588400,4,'confirmed',' ',6,9);
INSERT INTO Reservations VALUES(662,1730588400,4,'confirmed',' ',7,9);
INSERT INTO Reservations VALUES(663,1730590200,6,'confirmed',' ',8,9);
INSERT INTO Reservations VALUES(664,1730590200,6,'confirmed',' ',9,9);
INSERT INTO Reservations VALUES(665,1730590200,2,'confirmed',' ',10,9);
INSERT INTO Reservations VALUES(666,1730590200,2,'confirmed',' ',11,9);
INSERT INTO Reservations VALUES(667,1730590200,4,'confirmed',' ',12,9);
INSERT INTO Reservations VALUES(668,1730592000,6,'confirmed',' ',13,9);
INSERT INTO Reservations VALUES(669,1730592000,2,'confirmed',' ',14,9);
INSERT INTO Reservations VALUES(670,1730592000,4,'confirmed',' ',15,9);
INSERT INTO Reservations VALUES(671,1730592000,8,'confirmed',' ',16,9);
INSERT INTO Reservations VALUES(672,1730592000,4,'confirmed',' ',17,9);
INSERT INTO Reservations VALUES(673,1730592000,8,'confirmed',' ',18,9);
INSERT INTO Reservations VALUES(674,1730593800,4,'confirmed',' ',19,9);
INSERT INTO Reservations VALUES(675,1730593800,2,'confirmed',' ',20,9);
INSERT INTO Reservations VALUES(676,1730593800,6,'confirmed',' ',21,9);
INSERT INTO Reservations VALUES(677,1730593800,4,'confirmed',' ',22,9);
INSERT INTO Reservations VALUES(678,1730595600,6,'confirmed',' ',23,9);
INSERT INTO Reservations VALUES(679,1730597400,6,'confirmed',' ',24,9);
INSERT INTO Reservations VALUES(680,1730673000,4,'confirmed',' ',25,9);
INSERT INTO Reservations VALUES(681,1730673000,4,'confirmed',' ',26,9);
INSERT INTO Reservations VALUES(682,1730673000,4,'confirmed',' ',27,9);
INSERT INTO Reservations VALUES(683,1730673000,4,'confirmed',' ',28,9);
INSERT INTO Reservations VALUES(684,1730674800,6,'confirmed',' ',29,9);
INSERT INTO Reservations VALUES(685,1730674800,6,'confirmed',' ',30,9);
INSERT INTO Reservations VALUES(686,1730674800,6,'confirmed',' ',31,9);
INSERT INTO Reservations VALUES(687,1730674800,4,'confirmed',' ',32,9);
INSERT INTO Reservations VALUES(688,1730676600,2,'confirmed',' ',33,9);
INSERT INTO Reservations VALUES(689,1730676600,4,'confirmed',' ',34,9);
INSERT INTO Reservations VALUES(690,1730676600,2,'confirmed',' ',35,9);
INSERT INTO Reservations VALUES(691,1730676600,4,'confirmed',' ',36,9);
INSERT INTO Reservations VALUES(692,1730676600,2,'confirmed',' ',37,9);
INSERT INTO Reservations VALUES(693,1730678400,4,'confirmed',' ',38,9);
INSERT INTO Reservations VALUES(694,1730678400,4,'confirmed',' ',39,9);
INSERT INTO Reservations VALUES(695,1730678400,4,'confirmed',' ',40,9);
INSERT INTO Reservations VALUES(696,1730678400,6,'confirmed',' ',41,9);
INSERT INTO Reservations VALUES(697,1730680200,4,'confirmed',' ',42,9);
INSERT INTO Reservations VALUES(698,1730680200,4,'confirmed',' ',43,9);
INSERT INTO Reservations VALUES(699,1730680200,2,'confirmed',' ',44,9);
INSERT INTO Reservations VALUES(700,1730680200,4,'confirmed',' ',45,9);
INSERT INTO Reservations VALUES(701,1730682000,4,'confirmed',' ',46,9);
INSERT INTO Reservations VALUES(702,1730683800,2,'confirmed',' ',47,9);
CREATE TABLE Restaurants (
    id INTEGER PRIMARY KEY AUTOINCREMENT,
    name TEXT NOT NULL,
    phone TEXT NOT NULL,
    address TEXT NOT NULL,
    city TEXT NOT NULL,
    state TEXT NOT NULL,
    zip TEXT NOT NULL,
    image TEXT NOT NULL,
    website TEXT NOT NULL,
    menu_link TEXT NOT NULL,
    category TEXT NOT NULL,
    capacity INTEGER NOT NULL,
    open_time INTEGER NOT NULL,
    close_time INTEGER NOT NULL,
    res_duration INTEGER NOT NULL
    
);
INSERT INTO Restaurants VALUES(1,'Little Alley','646-998-3976','550 3rd Avenue','New York','NY','10016','https://assets-global.website-files.com/645aecde0bd10564f39f4379/64e73f688681676ffdf401d0_20230103%20Little%20Alley_367%20WHD.jpg','https://www.littlealley.nyc/','https://www.littlealley.nyc/menu','Chinese',60,1600,2000,90);
INSERT INTO Restaurants VALUES(2,'Bua Thai Ramen & Robata Grill','212-879-7999','1611 2nd Ave','New York','NY','10028','https://res.cloudinary.com/simplemenu/image/upload/q_auto:low/v1634061774/510163478_nn3wcy.jpg','https://orderbuathairamenandrobatagrill.com/Home/index','https://orderbuathairamenandrobatagrill.com/menu','Thai',50,1700,2000,90);
INSERT INTO Restaurants VALUES(3,'Piccola Cucina Estiatorio','646-781-9183','75 Thompson St','New, York','NY','10012','https://resizer.otstatic.com/v2/photos/wide-huge/3/51692061.jpg','https://www.piccolacucinagroup.com/piccola-cucina-estiatorio-soho-nyc/','https://www.piccolacucinagroup.com/menu/estiatorio_menu.html','Italian',75,1600,2000,120);
INSERT INTO Restaurants VALUES(4,'Club A Steakhouse','212-688-4190','240 E 58th St','New York','NY','10022','https://images.squarespace-cdn.com/content/5693eb6ae0327c47e4964074/1460563297902-DWUQ5YB2V2SGMWVSN3OO/IMG_2584.jpg?content-type=image%2Fjpeg','https://www.clubasteakhouse.com/','https://www.clubasteakhouse.com/menu','Steakhouse',80,1700,2000,120);
INSERT INTO Restaurants VALUES(5,'RH Rooftop Restaurant New York','212-217-2210','9 Ninth Avenue','New York','NY','10014','https://media.restorationhardware.com/is/image/rhis/WoRH_pl_gal_ny_rest_07_Restaurant?$responsive-gallery-image$&wid=2000&bfc=on','https://rh.com/us/en/newyork/restaurant','https://rh.com/us/en/newyork/restaurant','American',75,1000,2100,90);
INSERT INTO Restaurants VALUES(6,'P.J. Clarke''s On The Hudson','212-285-1500','250 Vesey Street','New York','NY','10281','https://thevendry.com/cdn-cgi/image/height=1920,width=1920,fit=contain,metadata=none/https%3A%2F%2Fs3.amazonaws.com%2Fuploads.thevendry.co%2F23052%2F1659536772529_522472_397252656971024_625558735_n.jpg','https://pjclarkes.com/location/on-the-hudson/','https://pjclarkes.com/location/on-the-hudson/','Seafood',100,1100,2230,60);
INSERT INTO Restaurants VALUES(7,'The Liberty NYC','212-967-4000','29 W 35th St','New York','NY','10001','https://static.urbandaddy.com/uploads/assets/image/articles/standard/499d5a8011d186483a09dc76f7fa6b78702982de.jpg','https://www.thelibertynyc.com/','https://www.thelibertynyc.com/_files/ugd/1e0ddf_6dc14c420e914c04b6fc837f078a7762.pdf','American',150,1100,200,120);
INSERT INTO Restaurants VALUES(8,'Junoon','212-490-2100','19 West 24th Street','New York','NY','10010','https://images.getbento.com/accounts/48384de1ff679ab711ffcac9719144a1/media/images/10808Medsker_BeccaPR_Junoon_051.jpg','https://www.junoonnyc.com/','https://www.junoonnyc.com/menus/','Indian',80,1700,2100,90);
INSERT INTO Restaurants VALUES(9,'Barbounia','212-995-0242','250 Park Ave S','New York','NY','10003','https://barbounia.com/media_files/images/barbounia_entrance-300x300.2e16d0ba.fill-866x866-c100.jpg','https://barbounia.com/','https://barbounia.com/menus/dinner/','Mediterranean',100,1800,2200,120);
CREATE TABLE Reviews (
    id INTEGER PRIMARY KEY AUTOINCREMENT,
    timestamp INTEGER NOT NULL,
    rating INTEGER NOT NULL,
    comment TEXT NOT NULL,
    user_id INTEGER NOT NULL,
    restaurant_id INTEGER NOT NULL,
    FOREIGN KEY (user_id) REFERENCES Users(id),
    FOREIGN KEY (restaurant_id) REFERENCES Restaurants(id)
    
);
INSERT INTO Reviews VALUES(1,1735012800,5,'The food was amazing!',1,1);
INSERT INTO Reviews VALUES(2,1727376000,4,'Service was excellent, but the food could be better.',2,1);
INSERT INTO Reviews VALUES(3,1734120000,3,'Decent quality food, but cleanliness needs improvement.',3,1);
INSERT INTO Reviews VALUES(4,1727817600,5,'Great service and delicious food!',4,1);
INSERT INTO Reviews VALUES(5,1725662400,2,'Disappointing experience. Food was cold and service was slow.',5,1);
INSERT INTO Reviews VALUES(6,1726467200,4,'Good food, friendly staff.',6,1);
INSERT INTO Reviews VALUES(7,1731614400,5,'Top-notch service and food quality!',7,1);
INSERT INTO Reviews VALUES(8,1728163200,3,'Average experience overall.',8,1);
INSERT INTO Reviews VALUES(9,1731062400,4,'The food was tasty, but service could be faster.',9,2);
INSERT INTO Reviews VALUES(10,1734883200,5,'Amazing service and great food!',10,2);
INSERT INTO Reviews VALUES(11,1727817600,3,'Average food quality, but service was excellent.',11,2);
INSERT INTO Reviews VALUES(12,1732944000,2,'Food was below expectations and staff was unfriendly.',12,2);
INSERT INTO Reviews VALUES(13,1728998400,5,'Exceptional food quality and cleanliness!',13,2);
INSERT INTO Reviews VALUES(14,1731744000,4,'Friendly staff and good food.',14,2);
INSERT INTO Reviews VALUES(15,1725648000,5,'Outstanding service and delicious food!',15,2);
INSERT INTO Reviews VALUES(16,1725652800,3,'Satisfactory experience overall.',16,2);
INSERT INTO Reviews VALUES(17,1732944000,5,'Delicious food and excellent service!',17,3);
INSERT INTO Reviews VALUES(18,1728744000,4,'Service was good, but the food could be better.',18,3);
INSERT INTO Reviews VALUES(19,1734006400,3,'Decent food quality, but cleanliness needs improvement.',19,3);
INSERT INTO Reviews VALUES(20,1726022400,5,'Friendly staff and tasty food!',20,3);
INSERT INTO Reviews VALUES(21,1734787200,2,'Disappointing experience. Food was bland and service was slow.',21,3);
INSERT INTO Reviews VALUES(22,1725763200,4,'Good food, but the service could be friendlier.',22,3);
INSERT INTO Reviews VALUES(23,1727376000,5,'Great food and excellent service!',23,3);
INSERT INTO Reviews VALUES(24,1732348800,3,'Average experience overall.',24,3);
INSERT INTO Reviews VALUES(25,1734006400,5,'Excellent food quality and great ambiance!',25,4);
INSERT INTO Reviews VALUES(26,1728744000,4,'Service was good, but the menu options were limited.',26,4);
INSERT INTO Reviews VALUES(27,1731614400,3,'Average experience. Food was okay.',27,4);
INSERT INTO Reviews VALUES(28,1728441600,5,'Friendly staff and delicious food!',28,4);
INSERT INTO Reviews VALUES(29,1733299200,2,'Disappointing service and mediocre food.',29,4);
INSERT INTO Reviews VALUES(30,1733995200,4,'Good food and cozy atmosphere.',30,4);
INSERT INTO Reviews VALUES(31,1726339200,5,'Outstanding service and excellent cuisine!',1,4);
INSERT INTO Reviews VALUES(32,1732427200,3,'Fair experience overall.',2,4);
INSERT INTO Reviews VALUES(33,1728288000,4,'The food was delicious, but the service was slow.',3,5);
INSERT INTO Reviews VALUES(34,1733808000,5,'Great service and flavorful dishes!',4,5);
INSERT INTO Reviews VALUES(35,1732646400,3,'Average food quality, but friendly staff.',5,5);
INSERT INTO Reviews VALUES(36,1732243200,2,'Food was cold and tasted stale.',6,5);
INSERT INTO Reviews VALUES(37,1733225600,5,'Fantastic food and impeccable service!',7,5);
INSERT INTO Reviews VALUES(38,1727793600,4,'Friendly staff and good atmosphere.',8,5);
INSERT INTO Reviews VALUES(39,1733284800,5,'Outstanding experience overall.',9,5);
INSERT INTO Reviews VALUES(40,1726022400,3,'Satisfactory experience overall.',10,5);
INSERT INTO Reviews VALUES(41,1732944000,5,'Delicious food and excellent service!',11,6);
INSERT INTO Reviews VALUES(42,1730227200,4,'Service was good, but the food could be better.',12,6);
INSERT INTO Reviews VALUES(43,1728206400,3,'Decent food quality, but cleanliness needs improvement.',13,6);
INSERT INTO Reviews VALUES(44,1731081600,5,'Friendly staff and tasty food!',14,6);
INSERT INTO Reviews VALUES(45,1727860800,2,'Disappointing experience. Food was bland and service was slow.',15,6);
INSERT INTO Reviews VALUES(46,1728148800,4,'Good food, but the service could be friendlier.',16,6);
INSERT INTO Reviews VALUES(47,1730112000,5,'Great food and excellent service!',17,6);
INSERT INTO Reviews VALUES(48,1728408000,3,'Average experience overall.',18,6);
INSERT INTO Reviews VALUES(49,1728249600,5,'The food was outstanding and the service was impeccable!',19,7);
INSERT INTO Reviews VALUES(50,1733779200,4,'Service was good, but the food could be improved.',20,7);
INSERT INTO Reviews VALUES(51,1729032000,3,'Decent food quality, but cleanliness needs attention.',21,7);
INSERT INTO Reviews VALUES(52,1732929600,5,'Friendly staff and delicious cuisine!',22,7);
INSERT INTO Reviews VALUES(53,1734772800,2,'Disappointing experience. Food was undercooked and service was slow.',23,7);
INSERT INTO Reviews VALUES(54,1729108800,4,'Good food, but the service was lacking.',24,7);
INSERT INTO Reviews VALUES(55,1725763200,5,'Great food and excellent service!',25,7);
INSERT INTO Reviews VALUES(56,1734705600,3,'Average experience overall.',26,7);
INSERT INTO Reviews VALUES(57,1725667200,4,'The food was delicious, but the service was slow.',27,8);
INSERT INTO Reviews VALUES(58,1729020800,5,'Great service and flavorful dishes!',28,8);
INSERT INTO Reviews VALUES(59,1734457600,3,'Average food quality, but friendly staff.',29,8);
INSERT INTO Reviews VALUES(60,1727990400,2,'Food was cold and tasted stale.',30,8);
INSERT INTO Reviews VALUES(61,1732432000,5,'Fantastic food and impeccable service!',1,8);
INSERT INTO Reviews VALUES(62,1734035200,4,'Friendly staff and good atmosphere.',2,8);
INSERT INTO Reviews VALUES(63,1733424000,5,'Outstanding experience overall.',3,8);
INSERT INTO Reviews VALUES(64,1729296000,3,'Satisfactory experience overall.',4,8);
INSERT INTO Reviews VALUES(65,1728128000,5,'Delicious food and excellent service!',5,9);
INSERT INTO Reviews VALUES(66,1734345600,4,'Service was good, but the food could be better.',6,9);
INSERT INTO Reviews VALUES(67,1728700800,3,'Decent food quality, but cleanliness needs improvement.',7,9);
INSERT INTO Reviews VALUES(68,1725945600,5,'Friendly staff and tasty food!',8,9);
INSERT INTO Reviews VALUES(69,1726248000,2,'Disappointing experience. Food was bland and service was slow.',9,9);
INSERT INTO Reviews VALUES(70,1725910400,4,'Good food, but the service could be friendlier.',10,9);
INSERT INTO Reviews VALUES(71,1734897600,5,'Great food and excellent service!',11,9);
INSERT INTO Reviews VALUES(72,1728739200,3,'Average experience overall.',12,9);
DELETE FROM sqlite_sequence;
INSERT INTO sqlite_sequence VALUES('Users',243);
INSERT INTO sqlite_sequence VALUES('Restaurants',9);
INSERT INTO sqlite_sequence VALUES('Reviews',72);
INSERT INTO sqlite_sequence VALUES('Reservations',702);
COMMIT;
